,Sutta_links
0,https://www.accesstoinsight.org/tipitaka/an/an02/an02.023.than.html
1,https://www.accesstoinsight.org/tipitaka/kn/thag/thag.01.00x.than.html#passage-26
2,https://www.accesstoinsight.org/tipitaka/an/an04/an04.184.than.html
3,http://www.suttareadings.net/audio/index.html#mn.058
4,https://www.accesstoinsight.org/tipitaka/mn/mn.058.than.html
5,https://www.accesstoinsight.org/tipitaka/kn/thag/thag.03.13.than.html
6,https://www.accesstoinsight.org/tipitaka/sn/sn55/sn55.031.than.html
7,https://www.accesstoinsight.org/tipitaka/sn/sn55/sn55.032.than.html
8,https://www.accesstoinsight.org/tipitaka/sn/sn55/sn55.033.than.html
9,https://www.accesstoinsight.org/tipitaka/an/an08/an08.039.than.html
10,https://www.accesstoinsight.org/tipitaka/an/an03/an03.091.than.html
11,https://www.accesstoinsight.org/tipitaka/sn/sn12/sn12.017.than.html
12,https://www.accesstoinsight.org/tipitaka/sn/sn12/sn12.017x.wlsh.html
13,https://www.accesstoinsight.org/tipitaka/an/an04/an04.077.than.html
14,https://www.accesstoinsight.org/tipitaka/an/an01/an01.031-040x.wood.html
15,https://www.accesstoinsight.org/tipitaka/kn/thag/thag.16.01.than.html
16,https://www.accesstoinsight.org/tipitaka/kn/ud/ud.6.09.olen.html
17,https://www.accesstoinsight.org/tipitaka/kn/ud/ud.6.09.than.html
18,https://www.accesstoinsight.org/tipitaka/an/an03/an03.040.than.html
19,https://www.accesstoinsight.org/tipitaka/sn/sn01/sn01.041.than.html
20,http://www.suttareadings.net/audio/index.html#sn35.028
21,https://www.accesstoinsight.org/tipitaka/sn/sn35/sn35.028.nymo.html
22,https://www.accesstoinsight.org/tipitaka/sn/sn35/sn35.028.than.html
23,https://www.accesstoinsight.org/tipitaka/an/an05/an05.041.than.html
24,https://www.accesstoinsight.org/tipitaka/sn/sn45/sn45.159.wlsh.html
25,https://www.accesstoinsight.org/tipitaka/sn/sn36/sn36.014.nypo.html
26,https://www.accesstoinsight.org/tipitaka/an/an04/an04.019.than.html
27,https://www.accesstoinsight.org/tipitaka/sn/sn46/sn46.053.wlsh.html
28,https://www.accesstoinsight.org/tipitaka/sn/sn46/sn46.053.than.html
29,https://www.accesstoinsight.org/tipitaka/an/an07/an07.068.yaho.html
30,https://www.accesstoinsight.org/tipitaka/mn/mn.072.than.html
31,https://www.accesstoinsight.org/tipitaka/an/an10/an10.080.than.html
32,https://www.accesstoinsight.org/tipitaka/an/an05/an05.161.nymo.html
33,https://www.accesstoinsight.org/tipitaka/an/an05/an05.161.than.html
34,https://www.accesstoinsight.org/tipitaka/an/an05/an05.162.than.html
35,https://www.accesstoinsight.org/tipitaka/sn/sn12/sn12.011.nypo.html
36,https://www.accesstoinsight.org/tipitaka/sn/sn12/sn12.011.than.html
37,https://www.accesstoinsight.org/tipitaka/an/an04/an04.067.piya.html
38,https://www.accesstoinsight.org/tipitaka/an/an04/an04.067.than.html
39,https://www.accesstoinsight.org/tipitaka/kn/ud/ud.6.03.than.html
40,https://www.accesstoinsight.org/tipitaka/kn/ud/ud.1.07.than.html
41,https://www.accesstoinsight.org/tipitaka/an/an03/an03.094.than.html
42,https://www.accesstoinsight.org/tipitaka/an/an08/an08.013.than.html
43,https://www.accesstoinsight.org/tipitaka/kn/snp/snp.5.01.irel.html
44,https://www.accesstoinsight.org/tipitaka/kn/snp/snp.5.01.than.html
45,https://www.accesstoinsight.org/tipitaka/an/an03/an03.072.than.html
46,https://www.accesstoinsight.org/tipitaka/an/an10/an10.071.than.html
47,https://www.accesstoinsight.org/tipitaka/sn/sn36/sn36.012.nypo.html
48,https://www.accesstoinsight.org/tipitaka/an/an05/an05.139.than.html
49,http://www.suttareadings.net/audio/index.html#sn07.002
50,https://www.accesstoinsight.org/tipitaka/sn/sn07/sn07.002.budd.html
51,https://www.accesstoinsight.org/tipitaka/sn/sn07/sn07.002.than.html
52,https://www.accesstoinsight.org/tipitaka/sn/sn07/sn07.002.wlsh.html
53,https://www.accesstoinsight.org/tipitaka/an/an05/an05.095.niza.html
54,https://www.accesstoinsight.org/tipitaka/mn/mn.022.nypo.html
55,https://www.accesstoinsight.org/tipitaka/mn/mn.022.than.html
56,https://www.accesstoinsight.org/tipitaka/sn/sn10/sn10.012.piya.html
57,https://www.accesstoinsight.org/tipitaka/sn/sn10/sn10.012.than.html
58,https://www.accesstoinsight.org/tipitaka/kn/snp/snp.1.10.piya.html
59,https://www.accesstoinsight.org/tipitaka/kn/snp/snp.1.10.than.html
60,https://www.accesstoinsight.org/tipitaka/sn/sn05/sn05.001.bodh.html
61,https://www.accesstoinsight.org/tipitaka/sn/sn05/sn05.001.than.html
62,https://www.accesstoinsight.org/tipitaka/sn/sn47/sn47.041.than.html
63,https://www.accesstoinsight.org/tipitaka/mn/mn.061.than.html
64,https://www.accesstoinsight.org/tipitaka/kn/thig/thig.13.01.than.html
65,https://www.accesstoinsight.org/tipitaka/an/an05/an05.077.than.html
66,https://www.accesstoinsight.org/tipitaka/an/an05/an05.078.than.html
67,https://www.accesstoinsight.org/tipitaka/an/an05/an05.079.than.html
68,https://www.accesstoinsight.org/tipitaka/an/an05/an05.080.than.html
69,https://www.accesstoinsight.org/tipitaka/kn/thag/thag.17.03.hekh.html
70,https://www.accesstoinsight.org/tipitaka/kn/thag/thag.17.03.olen.html
71,http://www.suttareadings.net/audio/index.html#an04.062
72,https://www.accesstoinsight.org/tipitaka/an/an04/an04.062.than.html
73,https://www.accesstoinsight.org/tipitaka/sn/sn08/sn08.004.than.html
74,https://www.accesstoinsight.org/tipitaka/sn/sn22/sn22.083.than.html
75,https://www.accesstoinsight.org/tipitaka/sn/sn44/sn44.010.than.html
76,https://www.accesstoinsight.org/tipitaka/sn/sn54/sn54.013.than.html
77,https://www.accesstoinsight.org/tipitaka/an/an06/an06.051.than.html
78,https://www.accesstoinsight.org/tipitaka/an/an09/an09.037.than.html
79,https://www.accesstoinsight.org/tipitaka/kn/ud/ud.5.08.than.html
80,https://www.accesstoinsight.org/tipitaka/kn/thag/thag.17.03.olen.html
81,https://www.accesstoinsight.org/tipitaka/mn/mn.118.than.html
82,http://www.suttareadings.net/audio/index.html#mn.143
83,https://www.accesstoinsight.org/tipitaka/mn/mn.143x.olen.html
84,https://www.accesstoinsight.org/tipitaka/mn/mn.143.than.html
85,http://www.suttareadings.net/audio/index.html#sn22.059
86,https://www.accesstoinsight.org/tipitaka/sn/sn22/sn22.059.mend.html
87,https://www.accesstoinsight.org/tipitaka/sn/sn22/sn22.059.nymo.html
88,https://www.accesstoinsight.org/tipitaka/sn/sn22/sn22.059.than.html
89,https://www.accesstoinsight.org/tipitaka/sn/sn06/sn06.013.olen.html
90,https://www.accesstoinsight.org/tipitaka/an/an05/an05.114.than.html
91,https://www.accesstoinsight.org/tipitaka/sn/sn56/sn56.046.than.html
92,https://www.accesstoinsight.org/tipitaka/mn/mn.106.than.html
93,https://www.accesstoinsight.org/tipitaka/an/an05/an05.053.than.html
94,https://www.accesstoinsight.org/tipitaka/mn/mn.086.than.html
95,https://www.accesstoinsight.org/tipitaka/kn/thag/thag.16.08.olen.html
96,https://www.accesstoinsight.org/tipitaka/an/index.html
97,https://www.accesstoinsight.org/tipitaka/sn/sn20/sn20.007.than.html
98,https://www.accesstoinsight.org/tipitaka/sn/sn36/sn36.009.nypo.html
99,https://www.accesstoinsight.org/tipitaka/sn/sn40/sn40.009.wlsh.html
100,https://www.accesstoinsight.org/tipitaka/an/an06/an06.097.than.html
101,https://www.accesstoinsight.org/tipitaka/kn/thag/thag.15.01.olen.html
102,https://www.accesstoinsight.org/tipitaka/an/an02/an02.033.niza.html
103,https://www.accesstoinsight.org/tipitaka/an/an06/an06.102.than.html
104,https://www.accesstoinsight.org/tipitaka/an/an06/an06.103.than.html
105,https://www.accesstoinsight.org/tipitaka/an/an06/an06.104.than.html
106,https://www.accesstoinsight.org/tipitaka/kn/thig/thig.06.05.than.html
107,https://www.accesstoinsight.org/tipitaka/sn/sn16/sn16.002.wlsh.html
108,https://www.accesstoinsight.org/tipitaka/an/an04/an04.001.than.html
109,https://www.accesstoinsight.org/tipitaka/sn/sn22/sn22.039.than.html
110,https://www.accesstoinsight.org/tipitaka/sn/sn22/sn22.040.than.html
111,https://www.accesstoinsight.org/tipitaka/sn/sn22/sn22.041.than.html
112,https://www.accesstoinsight.org/tipitaka/sn/sn22/sn22.042.than.html
113,https://www.accesstoinsight.org/tipitaka/an/an05/an05.025.than.html
114,https://www.accesstoinsight.org/tipitaka/mn/mn.111.than.html
115,https://www.accesstoinsight.org/tipitaka/an/an09/an09.031.than.html
116,http://www.suttareadings.net/audio/index.html#sn22.086
117,https://www.accesstoinsight.org/tipitaka/sn/sn22/sn22.086.than.html
118,https://www.accesstoinsight.org/tipitaka/sn/sn22/sn22.086.wlsh.html
119,https://www.accesstoinsight.org/tipitaka/sn/sn09/sn09.006.than.html
120,https://www.accesstoinsight.org/tipitaka/an/an08/an08.030.than.html
121,https://www.accesstoinsight.org/tipitaka/an/an07/an07.011.than.html
122,https://www.accesstoinsight.org/tipitaka/an/an07/an07.012.than.html
123,https://www.accesstoinsight.org/tipitaka/an/an04/an04.005.than.html
124,https://www.accesstoinsight.org/tipitaka/sn/sn12/sn12.046.than.html
125,https://www.accesstoinsight.org/tipitaka/mn/mn.060.than.html
126,https://www.accesstoinsight.org/tipitaka/kn/ud/ud.7.05.niza.html
127,https://www.accesstoinsight.org/tipitaka/an/an04/an04.037.than.html
128,https://www.accesstoinsight.org/tipitaka/sn/sn03/sn03.006.than.html
129,https://www.accesstoinsight.org/tipitaka/sn/sn03/sn03.017.than.html
130,https://www.accesstoinsight.org/tipitaka/an/an07/an07.031.than.html
131,https://www.accesstoinsight.org/tipitaka/an/an02/an02.005.than.html
132,https://www.accesstoinsight.org/tipitaka/kn/ud/ud.5.02.than.html
133,https://www.accesstoinsight.org/tipitaka/sn/sn03/sn03.019.than.html
134,https://www.accesstoinsight.org/tipitaka/sn/sn03/sn03.020.than.html
135,https://www.accesstoinsight.org/tipitaka/sn/sn01/sn01.025.wlsh.html
136,https://www.accesstoinsight.org/tipitaka/sn/sn22/sn22.110.wlsh.html
137,https://www.accesstoinsight.org/tipitaka/an/an07/an07.070.than.html
138,https://www.accesstoinsight.org/tipitaka/sn/sn01/sn01.010.irel.html
139,https://www.accesstoinsight.org/tipitaka/sn/sn01/sn01.010.olen.html
140,https://www.accesstoinsight.org/tipitaka/sn/sn01/sn01.010.than.html
141,https://www.accesstoinsight.org/tipitaka/an/an05/an05.098.than.html
142,https://www.accesstoinsight.org/tipitaka/an/an04/an04.259.than.html
143,https://www.accesstoinsight.org/tipitaka/sn/sn54/sn54.006.than.html
144,https://www.accesstoinsight.org/tipitaka/an/an04/an04.235.than.html
145,https://www.accesstoinsight.org/tipitaka/mn/mn.026.than.html
146,https://www.accesstoinsight.org/tipitaka/an/an04/an04.028.than.html
147,https://www.accesstoinsight.org/tipitaka/an/an10/an10.020.than.html
148,https://www.accesstoinsight.org/tipitaka/sn/sn35/sn35.197.than.html
149,https://www.accesstoinsight.org/tipitaka/mn/mn.093.than.html
150,https://www.accesstoinsight.org/tipitaka/sn/sn15/sn15.003.than.html
151,https://www.accesstoinsight.org/tipitaka/sn/sn12/sn12.061.niza.html
152,https://www.accesstoinsight.org/tipitaka/sn/sn12/sn12.061.than.html
153,https://www.accesstoinsight.org/tipitaka/an/an04/an04.163.than.html
154,https://www.accesstoinsight.org/tipitaka/dn/dn.32.0.piya.html
155,https://www.accesstoinsight.org/tipitaka/kn/snp/snp.4.15.irel.html
156,https://www.accesstoinsight.org/tipitaka/kn/snp/snp.4.15.olen.html
157,https://www.accesstoinsight.org/tipitaka/kn/snp/snp.4.15.than.html
158,https://www.accesstoinsight.org/tipitaka/sn/sn22/sn22.043.wlsh.html
159,https://www.accesstoinsight.org/tipitaka/an/an06/an06.038.niza.html
160,https://www.accesstoinsight.org/tipitaka/sn/sn03/sn03.005.than.html
161,https://www.accesstoinsight.org/tipitaka/mn/mn.052.than.html
162,https://www.accesstoinsight.org/tipitaka/sn/sn03/sn03.007.than.html
163,https://www.accesstoinsight.org/tipitaka/kn/snp/index.html#vagga-4
164,https://www.accesstoinsight.org/noncanon/comy/index.html
165,https://www.accesstoinsight.org/tipitaka/sn/sn36/sn36.022.nypo.html
166,https://www.accesstoinsight.org/tipitaka/sn/sn36/sn36.022.than.html
167,https://www.accesstoinsight.org/tipitaka/sn/sn12/sn12.064.nypo.html
168,https://www.accesstoinsight.org/tipitaka/sn/sn12/sn12.064.than.html
169,https://www.accesstoinsight.org/tipitaka/sn/sn35/sn35.152.wlsh.html
170,https://www.accesstoinsight.org/tipitaka/an/an05/an05.051.than.html
171,https://www.accesstoinsight.org/tipitaka/an/an06/an06.086.than.html
172,https://www.accesstoinsight.org/tipitaka/sn/sn35/sn35.202.than.html
173,https://www.accesstoinsight.org/tipitaka/sn/sn35/sn35.080.than.html
174,https://www.accesstoinsight.org/tipitaka/sn/sn45/sn45.001.than.html
175,https://www.accesstoinsight.org/tipitaka/sn/sn12/sn12.035.than.html
176,https://www.accesstoinsight.org/tipitaka/an/an07/an07.051.than.html
177,https://www.accesstoinsight.org/tipitaka/sn/sn06/sn06.001.than.html
178,https://www.accesstoinsight.org/tipitaka/kn/ud/ud.6.01.than.html
179,https://www.accesstoinsight.org/tipitaka/sn/sn09/sn09.011.than.html
180,http://www.suttareadings.net/audio/index.html#ud.1.10
181,https://www.accesstoinsight.org/tipitaka/kn/ud/ud.1.10.irel.html
182,https://www.accesstoinsight.org/tipitaka/kn/ud/ud.1.10.than.html
183,https://www.accesstoinsight.org/tipitaka/an/an10/an10.081.than.html
184,https://www.accesstoinsight.org/tipitaka/mn/mn.059.nypo.html
185,https://www.accesstoinsight.org/tipitaka/mn/mn.059.than.html
186,https://www.accesstoinsight.org/tipitaka/sn/sn36/sn36.019.nypo.html
187,https://www.accesstoinsight.org/tipitaka/an/an02/an02.098.than.html
188,https://www.accesstoinsight.org/tipitaka/sn/sn12/sn12.019.than.html
189,https://www.accesstoinsight.org/tipitaka/an/an02/an02.021.than.html
190,https://www.accesstoinsight.org/tipitaka/sn/sn35/sn35.189.than.html
191,https://www.accesstoinsight.org/tipitaka/kn/thag/thag.01.00x.hekh.html#passage-16
192,https://www.accesstoinsight.org/tipitaka/kn/thag/thag.01.00x.than.html#passage-16
193,https://www.accesstoinsight.org/tipitaka/an/an09/an09.062.than.html
194,https://www.accesstoinsight.org/tipitaka/kn/thig/thig.04.01.hekh.html
195,https://www.accesstoinsight.org/tipitaka/kn/thig/thig.05.09.hekh.html
196,http://www.suttareadings.net/audio/index.html#mn.131
197,https://www.accesstoinsight.org/tipitaka/mn/mn.131.nana.html
198,https://www.accesstoinsight.org/tipitaka/mn/mn.131.than.html
199,https://www.accesstoinsight.org/tipitaka/kn/ud/ud.2.10.irel.html
200,https://www.accesstoinsight.org/tipitaka/kn/ud/ud.2.10.than.html
201,https://www.accesstoinsight.org/tipitaka/kn/thag/thag.16.07.than.html
202,https://www.accesstoinsight.org/tipitaka/kn/ud/ud.7.01.than.html
203,https://www.accesstoinsight.org/tipitaka/kn/ud/ud.7.02.than.html
204,https://www.accesstoinsight.org/tipitaka/kn/snp/snp.5.12.than.html
205,https://www.accesstoinsight.org/tipitaka/kn/thag/thag.01.00x.than.html#passage-7
206,https://www.accesstoinsight.org/tipitaka/sn/sn22/sn22.022.niza.html
207,https://www.accesstoinsight.org/tipitaka/sn/sn22/sn22.022.than.html
208,https://www.accesstoinsight.org/tipitaka/sn/sn22/sn22.022.wlsh.html
209,https://www.accesstoinsight.org/tipitaka/sn/sn35/sn35.127.than.html
210,https://www.accesstoinsight.org/tipitaka/sn/sn35/sn35.127.wlsh.html
211,https://www.accesstoinsight.org/tipitaka/an/an03/an03.076.than.html
212,https://www.accesstoinsight.org/tipitaka/an/an03/an03.077.than.html
213,https://www.accesstoinsight.org/tipitaka/an/an08/an08.028.than.html
214,https://www.accesstoinsight.org/tipitaka/an/an03/an03.062.than.html
215,https://www.accesstoinsight.org/tipitaka/mn/mn.004.than.html
216,https://www.accesstoinsight.org/tipitaka/vin/sv/bhikkhu-pati.html
217,https://www.accesstoinsight.org/tipitaka/sn/sn22/sn22.036.than.html
218,https://www.accesstoinsight.org/tipitaka/sn/sn36/sn36.022.than.html
219,https://www.accesstoinsight.org/tipitaka/an/an07/an07.021.than.html
220,https://www.accesstoinsight.org/tipitaka/vin/sv/bhikkhuni-pati.html
221,https://www.accesstoinsight.org/tipitaka/an/an04/an04.159.than.html
222,https://www.accesstoinsight.org/tipitaka/sn/sn47/sn47.010.olen.html
223,https://www.accesstoinsight.org/tipitaka/sn/sn47/sn47.010.wlsh.html
224,https://www.accesstoinsight.org/tipitaka/an/an05/an05.037.than.html
225,https://www.accesstoinsight.org/tipitaka/mn/mn.126.than.html
226,https://www.accesstoinsight.org/tipitaka/sn/sn12/sn12.025.than.html
227,https://www.accesstoinsight.org/tipitaka/kn/thag/thag.09.00x.olen.html
228,https://www.accesstoinsight.org/tipitaka/sn/sn12/sn12.031x.nypo.html
229,https://www.accesstoinsight.org/tipitaka/sn/sn12/sn12.031.than.html
230,https://www.accesstoinsight.org/tipitaka/sn/sn22/sn22.054.than.html
231,https://www.accesstoinsight.org/tipitaka/an/an10/an10.104.than.html
232,https://www.accesstoinsight.org/tipitaka/kn/ud/ud.1.01.than.html
233,https://www.accesstoinsight.org/tipitaka/kn/ud/ud.1.01.than.html
234,https://www.accesstoinsight.org/tipitaka/kn/ud/ud.1.02.irel.html
235,https://www.accesstoinsight.org/tipitaka/kn/ud/ud.1.02.than.html
236,https://www.accesstoinsight.org/tipitaka/kn/ud/ud.1.03.irel.html
237,https://www.accesstoinsight.org/tipitaka/kn/ud/ud.1.03.than.html
238,https://www.accesstoinsight.org/tipitaka/kn/thag/thag.06.12.than.html
239,https://www.accesstoinsight.org/tipitaka/dn/dn.01.0.bodh.html
240,https://www.accesstoinsight.org/tipitaka/sn/sn51/sn51.015.than.html
241,https://www.accesstoinsight.org/tipitaka/an/an09/an09.038.than.html
242,https://www.accesstoinsight.org/tipitaka/kn/ud/ud.1.05.than.html
243,https://www.accesstoinsight.org/tipitaka/mn/mn.049.than.html
244,https://www.accesstoinsight.org/tipitaka/an/an10/an10.208.than.html
245,https://www.accesstoinsight.org/tipitaka/sn/sn22/sn22.058.than.html
246,https://www.accesstoinsight.org/tipitaka/an/an04/an04.031.than.html
247,https://www.accesstoinsight.org/tipitaka/dn/dn.26.0.than.html
248,https://www.accesstoinsight.org/tipitaka/sn/sn25/sn25.001.than.html
249,https://www.accesstoinsight.org/tipitaka/sn/sn27/sn27.001-010.than.html#sn27.001
250,https://www.accesstoinsight.org/tipitaka/kn/thag/thag.01.00x.than.html#passage-95
251,https://www.accesstoinsight.org/tipitaka/sn/sn05/sn05.006.bodh.html
252,https://www.accesstoinsight.org/tipitaka/sn/sn05/sn05.006.than.html
253,https://www.accesstoinsight.org/tipitaka/kn/thig/thig.05.12.than.html
254,https://www.accesstoinsight.org/tipitaka/an/an05/an05.175.than.html
255,https://www.accesstoinsight.org/tipitaka/sn/sn02/sn02.009.piya.html
256,https://www.accesstoinsight.org/tipitaka/an/an05/an05.029.agku.html
257,https://www.accesstoinsight.org/tipitaka/an/an05/an05.029.than.html
258,https://www.accesstoinsight.org/tipitaka/mn/mn.095x.than.html
259,https://www.accesstoinsight.org/tipitaka/an/an07/an07.058.than.html
260,https://www.accesstoinsight.org/tipitaka/sn/sn12/sn12.038.than.html
261,https://www.accesstoinsight.org/tipitaka/sn/sn12/sn12.038.wlsh.html
262,https://www.accesstoinsight.org/tipitaka/sn/sn25/sn25.007.than.html
263,https://www.accesstoinsight.org/tipitaka/sn/sn27/sn27.001-010.than.html#sn27.007
264,http://www.suttareadings.net/audio/index.html#an11.002
265,https://www.accesstoinsight.org/tipitaka/an/an11/an11.002.than.html
266,https://www.accesstoinsight.org/tipitaka/mn/mn.148.than.html
267,https://www.accesstoinsight.org/tipitaka/sn/sn47/sn47.037.than.html
268,https://www.accesstoinsight.org/tipitaka/sn/sn22/sn22.090.than.html
269,https://www.accesstoinsight.org/tipitaka/an/an03/an03.071.than.html
270,https://www.accesstoinsight.org/tipitaka/sn/sn35/sn35.206.than.html
271,https://www.accesstoinsight.org/tipitaka/sn/sn35/sn35.206x.wlsh.html
272,https://www.accesstoinsight.org/tipitaka/an/an04/an04.095.budd.html
273,https://www.accesstoinsight.org/tipitaka/an/an04/an04.095.than.html
274,https://www.accesstoinsight.org/tipitaka/sn/sn56/sn56.048.than.html
275,https://www.accesstoinsight.org/tipitaka/kn/thag/thag.01.00x.than.html#passage-22
276,https://www.accesstoinsight.org/tipitaka/mn/mn.045.than.html
277,https://www.accesstoinsight.org/tipitaka/mn/mn.014.than.html
278,https://www.accesstoinsight.org/tipitaka/mn/mn.034x.olen.html
279,https://www.accesstoinsight.org/tipitaka/mn/mn.027.than.html
280,https://www.accesstoinsight.org/tipitaka/mn/mn.135.nymo.html
281,https://www.accesstoinsight.org/tipitaka/mn/mn.135.than.html
282,https://www.accesstoinsight.org/tipitaka/mn/mn.063.than.html
283,https://www.accesstoinsight.org/tipitaka/mn/mn.110.than.html
284,https://www.accesstoinsight.org/tipitaka/mn/mn.147.than.html
285,https://www.accesstoinsight.org/tipitaka/mn/mn.030.than.html
286,https://www.accesstoinsight.org/tipitaka/mn/mn.035.than.html
287,https://www.accesstoinsight.org/tipitaka/mn/mn.011.ntbb.html
288,https://www.accesstoinsight.org/tipitaka/mn/mn.121.than.html
289,https://www.accesstoinsight.org/tipitaka/mn/mn.044.than.html
290,https://www.accesstoinsight.org/tipitaka/kn/snp/snp.4.12.than.html
291,https://www.accesstoinsight.org/tipitaka/kn/thag/thag.02.46.olen.html
292,https://www.accesstoinsight.org/tipitaka/sn/sn47/sn47.013.nypo.html
293,https://www.accesstoinsight.org/tipitaka/sn/sn47/sn47.013.than.html
294,https://www.accesstoinsight.org/tipitaka/an/an06/an06.046.than.html
295,https://www.accesstoinsight.org/tipitaka/an/an10/an10.024.than.html
296,https://www.accesstoinsight.org/tipitaka/kn/snp/snp.1.05.than.html
297,https://www.accesstoinsight.org/tipitaka/kn/ud/ud.8.05.than.html
298,https://www.accesstoinsight.org/tipitaka/kn/ud/ud.8.09.than.html
299,https://www.accesstoinsight.org/tipitaka/kn/ud/ud.8.10.than.html
300,https://www.accesstoinsight.org/tipitaka/sn/sn03/sn03.001.than.html
301,https://www.accesstoinsight.org/tipitaka/an/an06/an06.037.than.html
302,https://www.accesstoinsight.org/tipitaka/an/an07/an07.049.than.html
303,https://www.accesstoinsight.org/tipitaka/sn/sn15/sn15.009.than.html
304,https://www.accesstoinsight.org/tipitaka/kn/ud/ud.2.03.than.html
305,https://www.accesstoinsight.org/tipitaka/mn/mn.125.horn.html
306,https://www.accesstoinsight.org/tipitaka/kn/thig/thig.03.04.rhyc.html
307,https://www.accesstoinsight.org/tipitaka/kn/thig/thig.03.04.than.html
308,https://www.accesstoinsight.org/tipitaka/sn/sn35/sn35.200.than.html
309,https://www.accesstoinsight.org/tipitaka/an/an06/an06.041.than.html
310,https://www.accesstoinsight.org/tipitaka/sn/sn12/sn12.022x.wlsh.html
311,https://www.accesstoinsight.org/tipitaka/an/an10/an10.048.piya.html
312,https://www.accesstoinsight.org/tipitaka/an/an10/an10.048.than.html
313,https://www.accesstoinsight.org/tipitaka/kn/khp/khp.1-9x.piya.html#khp-2
314,https://www.accesstoinsight.org/tipitaka/kn/khp/khp.1-9.than.html#khp-2
315,https://www.accesstoinsight.org/tipitaka/an/an11/an11.017.than.html
316,https://www.accesstoinsight.org/tipitaka/sn/sn36/sn36.005.nypo.html
317,https://www.accesstoinsight.org/tipitaka/sn/sn42/sn42.007.wlsh.html
318,https://www.accesstoinsight.org/tipitaka/an/an09/an09.039.than.html
319,https://www.accesstoinsight.org/tipitaka/mn/mn.101.than.html
320,https://www.accesstoinsight.org/tipitaka/sn/sn22/sn22.002.than.html
321,https://www.accesstoinsight.org/tipitaka/an/an08/an08.007.than.html
322,https://www.accesstoinsight.org/tipitaka/mn/mn.130.than.html
323,https://www.accesstoinsight.org/tipitaka/sn/sn11/sn11.003.piya.html
324,https://www.accesstoinsight.org/tipitaka/sn/sn11/sn11.003.than.html
325,https://www.accesstoinsight.org/tipitaka/kn/thig/thig.01.00x.than.html#sutta-17
326,http://www.suttareadings.net/audio/index.html#sn56.011
327,https://www.accesstoinsight.org/tipitaka/sn/sn56/sn56.011.harv.html
328,https://www.accesstoinsight.org/tipitaka/sn/sn56/sn56.011.nymo.html
329,https://www.accesstoinsight.org/tipitaka/sn/sn56/sn56.011.piya.html
330,https://www.accesstoinsight.org/tipitaka/sn/sn56/sn56.011.than.html
331,https://www.accesstoinsight.org/tipitaka/kn/snp/snp.2.06.irel.html
332,https://www.accesstoinsight.org/tipitaka/sn/sn12/sn12.016.wlsh.html
333,https://www.accesstoinsight.org/tipitaka/an/an03/an03.134.than.html
334,https://www.accesstoinsight.org/tipitaka/an/an07/an07.064.than.html
335,https://www.accesstoinsight.org/tipitaka/kn/dhp/dhp.intro.budd.html
336,https://www.accesstoinsight.org/tipitaka/kn/dhp/dhp.13x.olen.html
337,https://www.accesstoinsight.org/tipitaka/kn/dhp/dhp.intro.than.html
338,https://www.accesstoinsight.org/tipitaka/an/an05/an05.202.than.html
339,https://www.accesstoinsight.org/tipitaka/an/an05/an05.073.than.html
340,https://www.accesstoinsight.org/tipitaka/kn/thag/thag.04.08.than.html
341,https://www.accesstoinsight.org/tipitaka/an/an06/an06.054.olen.html
342,https://www.accesstoinsight.org/tipitaka/kn/snp/snp.2.14.irel.html
343,https://www.accesstoinsight.org/tipitaka/an/an07/an07.006.than.html
344,https://www.accesstoinsight.org/tipitaka/mn/mn.097.than.html
345,https://www.accesstoinsight.org/tipitaka/sn/sn07/sn07.001.wlsh.html
346,https://www.accesstoinsight.org/tipitaka/kn/snp/snp.1.02.than.html
347,https://www.accesstoinsight.org/tipitaka/sn/sn20/sn20.006.than.html
348,https://www.accesstoinsight.org/tipitaka/sn/sn25/sn25.009.than.html
349,https://www.accesstoinsight.org/tipitaka/sn/sn27/sn27.001-010.than.html#sn27.009
350,https://www.accesstoinsight.org/tipitaka/mn/mn.140.than.html
351,https://www.accesstoinsight.org/tipitaka/kn/snp/snp.5.05.than.html
352,https://www.accesstoinsight.org/tipitaka/dn/index.html
353,https://www.accesstoinsight.org/tipitaka/an/an08/an08.054.nara.html
354,https://www.accesstoinsight.org/tipitaka/an/an08/an08.054.than.html
355,https://www.accesstoinsight.org/tipitaka/mn/mn.074.than.html
356,https://www.accesstoinsight.org/tipitaka/vin/mv/mv.10.02.03-20.than.html
357,https://www.accesstoinsight.org/tipitaka/sn/sn54/sn54.008.than.html
358,https://www.accesstoinsight.org/tipitaka/an/an10/an10.093.than.html
359,https://www.accesstoinsight.org/tipitaka/an/an04/an04.036.than.html
360,https://www.accesstoinsight.org/tipitaka/sn/sn03/sn03.013.olen.html
361,https://www.accesstoinsight.org/tipitaka/sn/sn03/sn03.013.wlsh.html
362,https://www.accesstoinsight.org/tipitaka/sn/sn15/sn15.011.than.html
363,https://www.accesstoinsight.org/tipitaka/sn/sn01/sn01.017.wlsh.html
364,https://www.accesstoinsight.org/tipitaka/sn/sn38/sn38.014.than.html
365,https://www.accesstoinsight.org/tipitaka/sn/sn45/sn45.165.wlsh.html
366,https://www.accesstoinsight.org/tipitaka/sn/sn35/sn35.203x.wlsh.html
367,https://www.accesstoinsight.org/tipitaka/an/an02/an02.119.than.html
368,https://www.accesstoinsight.org/tipitaka/an/an10/an10.066.niza.html
369,https://www.accesstoinsight.org/tipitaka/kn/snp/snp.4.03.than.html
370,https://www.accesstoinsight.org/tipitaka/kn/khp/khp.1-9x.piya.html#khp-3
371,https://www.accesstoinsight.org/tipitaka/kn/khp/khp.1-9.than.html#khp-3
372,https://www.accesstoinsight.org/tipitaka/sn/sn35/sn35.093.than.html
373,https://www.accesstoinsight.org/tipitaka/kn/snp/snp.3.12.irel.html
374,https://www.accesstoinsight.org/tipitaka/kn/snp/snp.3.12.olen.html
375,https://www.accesstoinsight.org/tipitaka/kn/snp/snp.3.12.than.html
376,https://www.accesstoinsight.org/tipitaka/mn/mn.019.than.html
377,https://www.accesstoinsight.org/tipitaka/an/an03/an03.051.than.html
378,https://www.accesstoinsight.org/tipitaka/an/an03/an03.052.than.html
379,https://www.accesstoinsight.org/tipitaka/kn/ud/ud.8.07.than.html
380,https://www.accesstoinsight.org/tipitaka/an/an01/an01.021-040.than.html
381,https://www.accesstoinsight.org/tipitaka/an/an02/an02.018.than.html
382,https://www.accesstoinsight.org/tipitaka/kn/ud/ud.2.07.than.html
383,https://www.accesstoinsight.org/tipitaka/kn/thag/thag.10.02.olen.html
384,https://www.accesstoinsight.org/tipitaka/kn/thag/thag.10.02.than.html
385,https://www.accesstoinsight.org/tipitaka/kn/thag/thag.01.00x.than.html#passage-68
386,https://www.accesstoinsight.org/tipitaka/kn/thag/thag.01.00x.than.html#passage-93
387,https://www.accesstoinsight.org/tipitaka/kn/ud/ud.2.06.than.html
388,https://www.accesstoinsight.org/tipitaka/sn/sn22/sn22.099.than.html
389,https://www.accesstoinsight.org/tipitaka/sn/sn22/sn22.100.than.html
390,https://www.accesstoinsight.org/tipitaka/an/an03/an03.081.than.html
391,https://www.accesstoinsight.org/tipitaka/mn/mn.107.horn.html
392,https://www.accesstoinsight.org/tipitaka/an/an09/an09.015.than.html
393,https://www.accesstoinsight.org/tipitaka/sn/sn42/sn42.011.than.html
394,https://www.accesstoinsight.org/tipitaka/sn/sn09/sn09.014.olen.html
395,https://www.accesstoinsight.org/tipitaka/sn/sn09/sn09.014.than.html
396,https://www.accesstoinsight.org/tipitaka/kn/ud/ud.6.08.than.html
397,https://www.accesstoinsight.org/tipitaka/sn/sn06/sn06.002.than.html
398,https://www.accesstoinsight.org/tipitaka/an/an05/an05.180.than.html
399,https://www.accesstoinsight.org/tipitaka/an/an09/an09.035.than.html
400,https://www.accesstoinsight.org/tipitaka/sn/sn36/sn36.007.nypo.html
401,https://www.accesstoinsight.org/tipitaka/sn/sn36/sn36.007.than.html
402,https://www.accesstoinsight.org/tipitaka/sn/sn36/sn36.008.nypo.html
403,https://www.accesstoinsight.org/tipitaka/sn/sn01/sn01.071.than.html
404,https://www.accesstoinsight.org/tipitaka/an/an02/an02.125-126.than.html
405,https://www.accesstoinsight.org/tipitaka/an/an05/an05.179.than.html
406,https://www.accesstoinsight.org/tipitaka/sn/sn35/sn35.074.than.html
407,https://www.accesstoinsight.org/tipitaka/sn/sn35/sn35.075.than.html
408,https://www.accesstoinsight.org/tipitaka/sn/sn41/sn41.010.than.html
409,https://www.accesstoinsight.org/tipitaka/sn/sn41/sn41.010.wlsh.html
410,https://www.accesstoinsight.org/tipitaka/sn/sn46/sn46.014.piya.html
411,https://www.accesstoinsight.org/tipitaka/sn/sn46/sn46.014.than.html
412,https://www.accesstoinsight.org/tipitaka/sn/sn46/sn46.016.piya.html
413,https://www.accesstoinsight.org/tipitaka/sn/sn55/sn55.054.than.html
414,https://www.accesstoinsight.org/tipitaka/an/an03/an03.022.than.html
415,https://www.accesstoinsight.org/tipitaka/an/an05/an05.121.than.html
416,https://www.accesstoinsight.org/tipitaka/sn/sn52/sn52.010.than.html
417,https://www.accesstoinsight.org/tipitaka/an/an10/an10.060.piya.html
418,https://www.accesstoinsight.org/tipitaka/an/an10/an10.060.than.html
419,https://www.accesstoinsight.org/tipitaka/kn/thag/thag.14.02.than.html
420,https://www.accesstoinsight.org/tipitaka/sn/sn41/sn41.007.than.html
421,https://www.accesstoinsight.org/tipitaka/mn/mn.108.than.html
422,https://www.accesstoinsight.org/tipitaka/kn/ud/ud.4.03.than.html
423,https://www.accesstoinsight.org/tipitaka/an/an11/an11.018.than.html
424,https://www.accesstoinsight.org/tipitaka/kn/thag/thag.01.00x.than.html#passage-23
425,https://www.accesstoinsight.org/tipitaka/kn/thag/thag.03.14.than.html
426,https://www.accesstoinsight.org/tipitaka/an/an03/an03.123.than.html
427,https://www.accesstoinsight.org/tipitaka/sn/sn05/sn05.003.bodh.html
428,https://www.accesstoinsight.org/tipitaka/sn/sn05/sn05.003.than.html
429,https://www.accesstoinsight.org/tipitaka/an/an08/an08.053.than.html
430,https://www.accesstoinsight.org/tipitaka/kn/snp/snp.4.02.than.html
431,https://www.accesstoinsight.org/tipitaka/kn/nm/nm.2.04.olen.html
432,https://www.accesstoinsight.org/tipitaka/kn/thig/thig.06.07.than.html
433,https://www.accesstoinsight.org/tipitaka/sn/sn22/sn22.003.than.html
434,https://www.accesstoinsight.org/tipitaka/kn/thag/thag.01.00x.than.html#passage-29
435,https://www.accesstoinsight.org/tipitaka/kn/thag/thag.03.15.than.html
436,https://www.accesstoinsight.org/tipitaka/an/an03/an03.034.than.html
437,https://www.accesstoinsight.org/tipitaka/an/an08/an08.023.than.html
438,https://www.accesstoinsight.org/tipitaka/an/an08/an08.024.than.html
439,https://www.accesstoinsight.org/tipitaka/kn/snp/snp.5.08.than.html
440,https://www.accesstoinsight.org/tipitaka/kn/thag/thag.02.13x.olen.html
441,https://www.accesstoinsight.org/tipitaka/kn/thag/thag.02.13.than.html
442,https://www.accesstoinsight.org/tipitaka/sn/sn46/sn46.001.than.html
443,https://www.accesstoinsight.org/tipitaka/sn/sn01/sn01.018.than.html
444,https://www.accesstoinsight.org/tipitaka/kn/snp/snp.2.03.irel.html
445,https://www.accesstoinsight.org/tipitaka/kn/snp/snp.2.03.than.html
446,https://www.accesstoinsight.org/tipitaka/an/an07/an07.032.than.html
447,https://www.accesstoinsight.org/tipitaka/an/an05/an05.020.than.html
448,https://www.accesstoinsight.org/tipitaka/kn/ud/ud.1.04.than.html
449,https://www.accesstoinsight.org/tipitaka/sn/sn01/sn01.069.than.html
450,https://www.accesstoinsight.org/tipitaka/sn/sn51/sn51.020.than.html
451,https://www.accesstoinsight.org/tipitaka/an/an06/an06.045.than.html
452,https://www.accesstoinsight.org/tipitaka/sn/sn35/sn35.153.than.html
453,https://www.accesstoinsight.org/tipitaka/mn/mn.152.than.html
454,https://www.accesstoinsight.org/tipitaka/sn/sn48/sn48.010.than.html
455,https://www.accesstoinsight.org/tipitaka/kn/thag/thag.01.00x.than.html#passage-120
456,https://www.accesstoinsight.org/tipitaka/sn/sn41/sn41.003.than.html
457,https://www.accesstoinsight.org/tipitaka/mn/mn.116.piya.html
458,https://www.accesstoinsight.org/tipitaka/sn/sn03/sn03.024.than.html
459,https://www.accesstoinsight.org/tipitaka/kn/iti/index.html
460,https://www.accesstoinsight.org/tipitaka/an/an05/an05.043.than.html
461,https://www.accesstoinsight.org/tipitaka/an/an04/an04.178.than.html
462,https://www.accesstoinsight.org/tipitaka/sn/sn02/sn02.025.wlsh.html
463,https://www.accesstoinsight.org/tipitaka/an/an10/an10.177.than.html
464,https://www.accesstoinsight.org/tipitaka/kn/snp/snp.4.06.irel.html
465,https://www.accesstoinsight.org/tipitaka/kn/snp/snp.4.06.than.html
466,https://www.accesstoinsight.org/tipitaka/sn/sn48/sn48.041.than.html
467,https://www.accesstoinsight.org/tipitaka/sn/sn07/sn07.006.than.html
468,https://www.accesstoinsight.org/tipitaka/kn/ud/ud.1.09.than.html
469,https://www.accesstoinsight.org/tipitaka/kn/snp/snp.5.11.than.html
470,https://www.accesstoinsight.org/tipitaka/kn/thag/thag.01.00x.than.html#passage-111
471,https://www.accesstoinsight.org/tipitaka/kn/thag/thag.06.09.than.html
472,https://www.accesstoinsight.org/tipitaka/an/an04/an04.123.than.html
473,https://www.accesstoinsight.org/tipitaka/an/an04/an04.124.than.html
474,https://www.accesstoinsight.org/tipitaka/an/an09/an09.036.than.html
475,https://www.accesstoinsight.org/tipitaka/sn/sn16/sn16.005.than.html
476,https://www.accesstoinsight.org/tipitaka/an/an08/an08.026.than.html
477,https://www.accesstoinsight.org/tipitaka/kn/ud/ud.4.04.than.html
478,https://www.accesstoinsight.org/tipitaka/kn/ud/ud.7.08.than.html
479,http://www.suttareadings.net/audio/index.html#sn12.015
480,https://www.accesstoinsight.org/tipitaka/sn/sn12/sn12.015.than.html
481,https://www.accesstoinsight.org/tipitaka/sn/sn12/sn12.015.wlsh.html
482,http://www.suttareadings.net/audio/index.html#mn.021
483,https://www.accesstoinsight.org/tipitaka/mn/mn.021x.budd.html
484,https://www.accesstoinsight.org/tipitaka/mn/mn.021x.than.html
485,https://www.accesstoinsight.org/tipitaka/an/an05/an05.036.than.html
486,http://www.suttareadings.net/audio/index.html#snp.4.11
487,https://www.accesstoinsight.org/tipitaka/kn/snp/snp.4.11.irel.html
488,https://www.accesstoinsight.org/tipitaka/kn/snp/snp.4.11.than.html
489,https://www.accesstoinsight.org/tipitaka/an/an04/an04.024.than.html
490,https://www.accesstoinsight.org/tipitaka/an/an03/an03.065.soma.html
491,https://www.accesstoinsight.org/tipitaka/an/an03/an03.065.than.html
492,https://www.accesstoinsight.org/tipitaka/kn/thag/thag.10.01.olen.html
493,https://www.accesstoinsight.org/tipitaka/kn/snp/snp.4.01.than.html
494,https://www.accesstoinsight.org/tipitaka/sn/sn41/sn41.006.than.html
495,https://www.accesstoinsight.org/tipitaka/sn/sn02/sn02.006.olen.html
496,https://www.accesstoinsight.org/tipitaka/kn/ud/ud.7.03.than.html
497,https://www.accesstoinsight.org/tipitaka/kn/ud/ud.7.04.than.html
498,https://www.accesstoinsight.org/tipitaka/sn/sn35/sn35.145.than.html
499,https://www.accesstoinsight.org/tipitaka/sn/sn35/sn35.145.wlsh.html
500,https://www.accesstoinsight.org/tipitaka/kn/ud/ud.3.01.irel.html
501,https://www.accesstoinsight.org/tipitaka/kn/ud/ud.3.01.than.html
502,https://www.accesstoinsight.org/tipitaka/an/an06/an06.087.than.html
503,https://www.accesstoinsight.org/tipitaka/an/an02/an02.038.than.html
504,https://www.accesstoinsight.org/tipitaka/kn/thag/thag.02.30.than.html
505,https://www.accesstoinsight.org/tipitaka/kn/thag/thag.01.00x.than.html#passage-3
506,https://www.accesstoinsight.org/tipitaka/mn/mn.090.than.html
507,https://www.accesstoinsight.org/tipitaka/kn/thag/thag.10.05.than.html
508,http://www.suttareadings.net/audio/index.html#snp.5.10
509,https://www.accesstoinsight.org/tipitaka/kn/snp/snp.5.10.than.html
510,http://www.suttareadings.net/audio/index.html#khp.9
511,
512,https://www.accesstoinsight.org/tipitaka/kn/khp/khp.9.budd.html
513,https://www.accesstoinsight.org/tipitaka/kn/khp/khp.9.amar.html
514,https://www.accesstoinsight.org/tipitaka/kn/khp/khp.9.nymo.html
515,https://www.accesstoinsight.org/tipitaka/kn/khp/khp.1-9x.piya.html#khp-9
516,https://www.accesstoinsight.org/tipitaka/kn/khp/khp.1-9.than.html#khp-9
517,https://www.accesstoinsight.org/index-sutta.html#metta
518,http://www.suttareadings.net/audio/index.html#khp.9
519,https://www.accesstoinsight.org/tipitaka/kn/snp/snp.1.08.budd.html
520,https://www.accesstoinsight.org/tipitaka/kn/snp/snp.1.08.amar.html
521,https://www.accesstoinsight.org/tipitaka/kn/snp/snp.1.08.nymo.html
522,https://www.accesstoinsight.org/tipitaka/kn/snp/snp.1.08.piya.html
523,https://www.accesstoinsight.org/tipitaka/kn/snp/snp.1.08.than.html
524,https://www.accesstoinsight.org/index-sutta.html#metta
525,https://www.accesstoinsight.org/tipitaka/sn/sn07/sn07.011.piya.html
526,https://www.accesstoinsight.org/tipitaka/sn/sn07/sn07.011.than.html
527,https://www.accesstoinsight.org/tipitaka/kn/snp/snp.1.04.olen.html
528,https://www.accesstoinsight.org/tipitaka/kn/snp/snp.1.04.piya.html
529,https://www.accesstoinsight.org/tipitaka/kn/snp/snp.1.04.than.html
530,https://www.accesstoinsight.org/tipitaka/sn/sn04/sn04.019.than.html
531,https://www.accesstoinsight.org/tipitaka/kn/ud/ud.1.06.than.html
532,https://www.accesstoinsight.org/tipitaka/kn/ud/ud.3.07.than.html
533,https://www.accesstoinsight.org/tipitaka/an/an02/an02.031.than.html
534,https://www.accesstoinsight.org/tipitaka/an/an05/an05.097.than.html
535,https://www.accesstoinsight.org/tipitaka/an/an03/an03.067.than.html
536,https://www.accesstoinsight.org/tipitaka/an/an10/an10.069.than.html
537,https://www.accesstoinsight.org/tipitaka/an/an10/an10.070.than.html
538,https://www.accesstoinsight.org/tipitaka/sn/sn07/sn07.018.olen.html
539,https://www.accesstoinsight.org/tipitaka/sn/sn07/sn07.018.than.html
540,https://www.accesstoinsight.org/tipitaka/sn/sn48/sn48.039.than.html
541,https://www.accesstoinsight.org/tipitaka/an/an03/an03.126.than.html
542,https://www.accesstoinsight.org/tipitaka/mn/mn.119.than.html
543,https://www.accesstoinsight.org/tipitaka/an/an09/an09.043.than.html
544,https://www.accesstoinsight.org/tipitaka/an/an04/an04.111.than.html
545,https://www.accesstoinsight.org/tipitaka/dn/dn.11.0.than.html
546,https://www.accesstoinsight.org/tipitaka/kn/snp/snp.1.03.than.html
547,https://www.accesstoinsight.org/tipitaka/sn/sn22/sn22.079.than.html
548,https://www.accesstoinsight.org/tipitaka/an/an08/an08.014.than.html
549,https://www.accesstoinsight.org/tipitaka/an/an04/an04.164.than.html
550,https://www.accesstoinsight.org/tipitaka/an/an04/an04.165.than.html
551,https://www.accesstoinsight.org/tipitaka/sn/sn35/sn35.135.than.html
552,https://www.accesstoinsight.org/tipitaka/sn/sn22/sn22.048.than.html
553,https://www.accesstoinsight.org/tipitaka/sn/sn25/sn25.010.than.html
554,https://www.accesstoinsight.org/tipitaka/sn/sn27/sn27.001-010.than.html#sn27.010
555,https://www.accesstoinsight.org/tipitaka/sn/sn44/sn44.001.than.html
556,https://www.accesstoinsight.org/tipitaka/an/an06/an06.049.than.html
557,https://www.accesstoinsight.org/tipitaka/sn/sn22/sn22.089.than.html
558,https://www.accesstoinsight.org/tipitaka/sn/sn22/sn22.089x.wlsh.html
559,https://www.accesstoinsight.org/tipitaka/kn/thag/thag.01.00x.than.html#passage-104
560,https://www.accesstoinsight.org/tipitaka/kn/index.html
561,https://www.accesstoinsight.org/tipitaka/kn/khp/khp.1-9.than.html
562,https://www.accesstoinsight.org/tipitaka/an/an11/an11.001.than.html
563,https://www.accesstoinsight.org/tipitaka/kn/thag/thag.01.00x.than.html#passage-118
564,https://www.accesstoinsight.org/tipitaka/an/an07/an07.056.than.html
565,https://www.accesstoinsight.org/tipitaka/kn/snp/snp.2.09.irel.html
566,https://www.accesstoinsight.org/tipitaka/kn/snp/snp.2.09.than.html
567,https://www.accesstoinsight.org/tipitaka/sn/sn35/sn35.204.than.html
568,https://www.accesstoinsight.org/tipitaka/sn/sn35/sn35.204.wlsh.html
569,https://www.accesstoinsight.org/tipitaka/sn/sn01/sn01.042.than.html
570,https://www.accesstoinsight.org/tipitaka/kn/thig/thig.10.01.hekh.html
571,https://www.accesstoinsight.org/tipitaka/kn/thig/thig.10.01.than.html
572,https://www.accesstoinsight.org/tipitaka/mn/mn.070.than.html
573,https://www.accesstoinsight.org/tipitaka/an/an07/an07.060.nymo.html
574,https://www.accesstoinsight.org/tipitaka/an/an07/an07.060.than.html
575,https://www.accesstoinsight.org/tipitaka/an/an10/an10.096.than.html
576,https://www.accesstoinsight.org/tipitaka/sn/sn21/sn21.001.than.html
577,https://www.accesstoinsight.org/tipitaka/kn/ud/ud.3.05.than.html
578,https://www.accesstoinsight.org/tipitaka/an/an05/an05.049.hekh.html
579,https://www.accesstoinsight.org/tipitaka/an/an05/an05.049.than.html
580,https://www.accesstoinsight.org/tipitaka/an/an10/an10.029.than.html
581,https://www.accesstoinsight.org/tipitaka/sn/sn12/sn12.068.than.html
582,https://www.accesstoinsight.org/tipitaka/sn/sn35/sn35.191.than.html
583,https://www.accesstoinsight.org/tipitaka/sn/sn35/sn35.191.wlsh.html
584,https://www.accesstoinsight.org/tipitaka/an/an04/an04.174.than.html
585,https://www.accesstoinsight.org/tipitaka/an/an09/an09.013.than.html
586,https://www.accesstoinsight.org/tipitaka/vin/mv/mv.08.26.01-08.than.html
587,https://www.accesstoinsight.org/tipitaka/mn/mn.057.nymo.html
588,https://www.accesstoinsight.org/tipitaka/sn/sn42/sn42.009.than.html
589,https://www.accesstoinsight.org/tipitaka/an/an04/an04.255.than.html
590,https://www.accesstoinsight.org/tipitaka/an/an05/an05.199.than.html
591,https://www.accesstoinsight.org/tipitaka/kn/ud/ud.5.04.than.html
592,https://www.accesstoinsight.org/tipitaka/sn/sn01/sn01.017.wlsh.html
593,https://www.accesstoinsight.org/tipitaka/sn/sn17/sn17.003.than.html
594,https://www.accesstoinsight.org/tipitaka/sn/sn35/sn35.199.than.html
595,https://www.accesstoinsight.org/tipitaka/an/an02/an02.019.than.html
596,https://www.accesstoinsight.org/tipitaka/an/an08/an08.080.than.html
597,https://www.accesstoinsight.org/tipitaka/sn/sn56/sn56.044.than.html
598,https://www.accesstoinsight.org/tipitaka/an/an03/an03.105.than.html
599,https://www.accesstoinsight.org/tipitaka/kn/thag/thag.01.00x.than.html#passage-56
600,https://www.accesstoinsight.org/tipitaka/kn/thag/thag.01.00x.than.html#passage-57
601,https://www.accesstoinsight.org/tipitaka/kn/ud/ud.5.03.than.html
602,https://www.accesstoinsight.org/tipitaka/sn/sn44/sn44.009.than.html
603,https://www.accesstoinsight.org/tipitaka/an/an01/an01.048.than.html
604,https://www.accesstoinsight.org/tipitaka/an/an03/an03.002.than.html
605,https://www.accesstoinsight.org/tipitaka/kn/ud/ud.7.05.than.html
606,https://www.accesstoinsight.org/tipitaka/sn/sn21/sn21.006.niza.html
607,https://www.accesstoinsight.org/tipitaka/mn/mn.066.than.html
608,https://www.accesstoinsight.org/tipitaka/an/an03/an03.130.than.html
609,https://www.accesstoinsight.org/tipitaka/sn/sn55/sn55.030.than.html
610,https://www.accesstoinsight.org/tipitaka/dn/dn.12.0.than.html
611,https://www.accesstoinsight.org/tipitaka/sn/sn35/sn35.132.wlsh.html
612,https://www.accesstoinsight.org/tipitaka/kn/ud/ud.3.10.than.html
613,https://www.accesstoinsight.org/tipitaka/sn/sn03/sn03.023.than.html
614,https://www.accesstoinsight.org/tipitaka/sn/sn12/sn12.044.than.html
615,https://www.accesstoinsight.org/tipitaka/sn/sn35/sn35.082.than.html
616,https://www.accesstoinsight.org/tipitaka/an/an02/an02.009.than.html
617,https://www.accesstoinsight.org/tipitaka/an/an08/an08.006.than.html
618,https://www.accesstoinsight.org/tipitaka/sn/sn12/sn12.048.than.html
619,https://www.accesstoinsight.org/tipitaka/an/an03/an03.099.than.html
620,https://www.accesstoinsight.org/tipitaka/an/an05/an05.254.than.html
621,https://www.accesstoinsight.org/tipitaka/mn/mn.018.than.html
622,https://www.accesstoinsight.org/tipitaka/mn/mn.075x.than.html
623,https://www.accesstoinsight.org/tipitaka/kn/snp/snp.4.09.than.html
624,https://www.accesstoinsight.org/tipitaka/sn/sn45/sn45.008.than.html
625,https://www.accesstoinsight.org/tipitaka/mn/mn.039.than.html
626,https://www.accesstoinsight.org/tipitaka/kn/thag/thag.08.01.bodh.html
627,https://www.accesstoinsight.org/tipitaka/kn/thag/thag.18.00x.olen.html
628,https://www.accesstoinsight.org/tipitaka/kn/thag/thag.18.00.than.html
629,https://www.accesstoinsight.org/tipitaka/mn/mn.117.than.html
630,https://www.accesstoinsight.org/tipitaka/mn/mn.013.than.html
631,https://www.accesstoinsight.org/tipitaka/mn/mn.033.than.html
632,https://www.accesstoinsight.org/tipitaka/mn/mn.028.than.html
633,https://www.accesstoinsight.org/tipitaka/sn/sn41/sn41.004.than.html
634,https://www.accesstoinsight.org/tipitaka/kn/thag/thag.02.16.than.html
635,https://www.accesstoinsight.org/tipitaka/mn/mn.136.nymo.html
636,https://www.accesstoinsight.org/tipitaka/mn/mn.136.than.html
637,https://www.accesstoinsight.org/tipitaka/kn/thag/thag.01.00x.than.html#passage-2
638,https://www.accesstoinsight.org/tipitaka/sn/sn22/sn22.060.than.html
639,https://www.accesstoinsight.org/tipitaka/kn/snp/snp.2.04.nara.html
640,https://www.accesstoinsight.org/tipitaka/kn/snp/snp.2.04.piya.html
641,https://www.accesstoinsight.org/tipitaka/kn/snp/snp.2.04.soni.html
642,https://www.accesstoinsight.org/tipitaka/kn/snp/snp.2.04.than.html
643,https://www.accesstoinsight.org/tipitaka/an/an08/an08.025.kuma.html
644,https://www.accesstoinsight.org/tipitaka/sn/sn55/sn55.021.than.html
645,https://www.accesstoinsight.org/tipitaka/an/an11/an11.012.than.html
646,https://www.accesstoinsight.org/tipitaka/sn/sn55/sn55.022.than.html
647,https://www.accesstoinsight.org/tipitaka/an/an11/an11.013.than.html
648,https://www.accesstoinsight.org/tipitaka/dn/dn.15.0.than.html
649,https://www.accesstoinsight.org/tipitaka/kn/nm/index.html
650,https://www.accesstoinsight.org/tipitaka/an/an10/an10.027x.nypo.html
651,https://www.accesstoinsight.org/tipitaka/dn/dn.16.5-6.than.html
652,https://www.accesstoinsight.org/tipitaka/dn/dn.16.1-6.vaji.html
653,https://www.accesstoinsight.org/tipitaka/mn/mn.109.than.html
654,https://www.accesstoinsight.org/tipitaka/mn/mn.062.than.html
655,https://www.accesstoinsight.org/tipitaka/mn/mn.036.than.html
656,https://www.accesstoinsight.org/tipitaka/sn/sn12/sn12.010.wlsh.html
657,https://www.accesstoinsight.org/tipitaka/sn/sn07/sn07.014.than.html
658,https://www.accesstoinsight.org/tipitaka/mn/mn.149.than.html
659,https://www.accesstoinsight.org/tipitaka/dn/dn.20.0.than.html
660,https://www.accesstoinsight.org/tipitaka/dn/dn.22.0.bpit.html
661,https://www.accesstoinsight.org/tipitaka/dn/dn.22.0.than.html
662,https://www.accesstoinsight.org/index-sutta.html#mn010
663,https://www.accesstoinsight.org/tipitaka/mn/mn.012.ntbb.html
664,https://www.accesstoinsight.org/tipitaka/mn/mn.122.than.html
665,https://www.accesstoinsight.org/tipitaka/mn/mn.038.than.html
666,https://www.accesstoinsight.org/tipitaka/mn/mn.029.than.html
667,https://www.accesstoinsight.org/tipitaka/mn/mn.043.than.html
668,https://www.accesstoinsight.org/tipitaka/kn/snp/snp.4.13.than.html
669,https://www.accesstoinsight.org/tipitaka/mn/index.html
670,https://www.accesstoinsight.org/tipitaka/sn/sn47/sn47.007.olen.html
671,https://www.accesstoinsight.org/tipitaka/sn/sn47/sn47.007.than.html
672,https://www.accesstoinsight.org/tipitaka/sn/sn03/sn03.008.wlsh.html
673,https://www.accesstoinsight.org/tipitaka/sn/sn35/sn35.095.than.html
674,https://www.accesstoinsight.org/tipitaka/sn/sn35/sn35.095.wlsh.html
675,https://www.accesstoinsight.org/tipitaka/sn/sn01/sn01.009.wlsh.html
676,https://www.accesstoinsight.org/tipitaka/kn/thag/thag.01.00x.than.html#passage-73
677,https://www.accesstoinsight.org/tipitaka/kn/khp/khp.5.nara.html
678,https://www.accesstoinsight.org/tipitaka/kn/khp/khp.1-9x.piya.html#khp-5
679,https://www.accesstoinsight.org/tipitaka/kn/khp/khp.5.soni.html
680,https://www.accesstoinsight.org/tipitaka/kn/khp/khp.1-9.than.html#khp-5
681,https://www.accesstoinsight.org/tipitaka/sn/sn42/sn42.010.than.html
682,https://www.accesstoinsight.org/tipitaka/an/an06/an06.019.than.html
683,https://www.accesstoinsight.org/tipitaka/an/an06/an06.020.than.html
684,https://www.accesstoinsight.org/tipitaka/sn/sn35/sn35.115.than.html
685,https://www.accesstoinsight.org/tipitaka/sn/sn15/sn15.014.than.html
686,https://www.accesstoinsight.org/tipitaka/kn/thag/thag.03.05.than.html
687,https://www.accesstoinsight.org/tipitaka/kn/ud/ud.4.01.irel.html
688,https://www.accesstoinsight.org/tipitaka/kn/ud/ud.4.01.than.html
689,https://www.accesstoinsight.org/tipitaka/an/an04/an04.125.nymo.html
690,https://www.accesstoinsight.org/tipitaka/an/an04/an04.125.than.html
691,https://www.accesstoinsight.org/tipitaka/an/an04/an04.126.nymo.html
692,https://www.accesstoinsight.org/tipitaka/an/an04/an04.126.than.html
693,
694,https://www.accesstoinsight.org/tipitaka/an/an11/an11.016.piya.html
695,https://www.accesstoinsight.org/tipitaka/an/an11/an11.016.than.html
696,https://www.accesstoinsight.org/index-sutta.html#karaniya
697,http://www.suttareadings.net/audio/index.html#snp.5.04
698,https://www.accesstoinsight.org/tipitaka/kn/snp/snp.5.04.irel.html
699,https://www.accesstoinsight.org/tipitaka/kn/snp/snp.5.04.than.html
700,https://www.accesstoinsight.org/tipitaka/sn/sn46/sn46.054.than.html
701,https://www.accesstoinsight.org/tipitaka/sn/sn46/sn46.054x.wlsh.html
702,https://www.accesstoinsight.org/tipitaka/an/an10/an10.103.than.html
703,https://www.accesstoinsight.org/tipitaka/sn/sn35/sn35.063.than.html
704,https://www.accesstoinsight.org/tipitaka/sn/sn35/sn35.063.wlsh.html
705,https://www.accesstoinsight.org/tipitaka/kn/miln/index.html
706,https://www.accesstoinsight.org/tipitaka/an/an07/an07.035.than.html
707,https://www.accesstoinsight.org/tipitaka/kn/thig/thig.05.06.than.html
708,https://www.accesstoinsight.org/tipitaka/sn/sn44/sn44.007.than.html
709,https://www.accesstoinsight.org/tipitaka/kn/snp/snp.5.15.irel.html
710,https://www.accesstoinsight.org/tipitaka/kn/snp/snp.5.15.than.html
711,https://www.accesstoinsight.org/tipitaka/an/an03/an03.120.than.html
712,https://www.accesstoinsight.org/tipitaka/kn/ud/ud.2.01.irel.html
713,https://www.accesstoinsight.org/tipitaka/kn/ud/ud.2.01.than.html
714,https://www.accesstoinsight.org/tipitaka/an/an03/an03.069.than.html
715,https://www.accesstoinsight.org/tipitaka/an/an10/an10.058.than.html
716,https://www.accesstoinsight.org/tipitaka/mn/mn.001.than.html
717,https://www.accesstoinsight.org/tipitaka/an/an03/an03.070.than.html
718,https://www.accesstoinsight.org/tipitaka/kn/snp/snp.1.12.than.html
719,https://www.accesstoinsight.org/tipitaka/kn/thig/thig.01.00x.than.html#sutta-11
720,https://www.accesstoinsight.org/tipitaka/sn/sn35/sn35.101.than.html
721,https://www.accesstoinsight.org/tipitaka/sn/sn22/sn22.093.than.html
722,https://www.accesstoinsight.org/tipitaka/an/an09/an09.040.than.html
723,https://www.accesstoinsight.org/tipitaka/kn/ud/ud.4.05.irel.html
724,https://www.accesstoinsight.org/tipitaka/kn/ud/ud.4.05.than.html
725,http://www.suttareadings.net/audio/index.html#sn12.065
726,https://www.accesstoinsight.org/tipitaka/sn/sn12/sn12.065.than.html
727,https://www.accesstoinsight.org/tipitaka/an/an07/an07.063.than.html
728,https://www.accesstoinsight.org/tipitaka/kn/thag/thag.01.00x.than.html#passage-86
729,https://www.accesstoinsight.org/tipitaka/an/an05/an05.030.than.html
730,https://www.accesstoinsight.org/tipitaka/an/an06/an06.042.than.html
731,https://www.accesstoinsight.org/tipitaka/sn/sn13/sn13.001.than.html
732,https://www.accesstoinsight.org/tipitaka/sn/sn20/sn20.002.than.html
733,https://www.accesstoinsight.org/tipitaka/sn/sn22/sn22.097.than.html
734,https://www.accesstoinsight.org/tipitaka/an/an06/an06.016.than.html
735,https://www.accesstoinsight.org/tipitaka/sn/sn22/sn22.001.than.html
736,https://www.accesstoinsight.org/tipitaka/kn/snp/snp.3.11.olen.html
737,https://www.accesstoinsight.org/tipitaka/kn/snp/snp.3.11.than.html
738,https://www.accesstoinsight.org/tipitaka/sn/sn12/sn12.067.than.html
739,https://www.accesstoinsight.org/tipitaka/an/an08/an08.009.than.html
740,https://www.accesstoinsight.org/tipitaka/kn/ud/ud.3.02.irel.html
741,https://www.accesstoinsight.org/tipitaka/kn/ud/ud.3.02.than.html
742,https://www.accesstoinsight.org/tipitaka/kn/thag/thag.02.27.than.html
743,https://www.accesstoinsight.org/tipitaka/mn/mn.146.than.html
744,https://www.accesstoinsight.org/tipitaka/kn/snp/snp.5.07.than.html
745,https://www.accesstoinsight.org/tipitaka/sn/sn04/sn04.008.than.html
746,https://www.accesstoinsight.org/tipitaka/kn/thig/thig.05.04.hekh.html
747,https://www.accesstoinsight.org/tipitaka/kn/thig/thig.05.04.than.html
748,https://www.accesstoinsight.org/tipitaka/sn/sn55/sn55.040.than.html
749,https://www.accesstoinsight.org/tipitaka/kn/thag/thag.01.00x.than.html#passage-25
750,https://www.accesstoinsight.org/tipitaka/sn/sn21/sn21.008.wlsh.html
751,https://www.accesstoinsight.org/tipitaka/an/an10/an10.017.than.html
752,http://www.suttareadings.net/audio/index.html#sn22.101
753,https://www.accesstoinsight.org/tipitaka/sn/sn22/sn22.101.than.html
754,https://www.accesstoinsight.org/tipitaka/kn/snp/snp.2.08.irel.html
755,https://www.accesstoinsight.org/tipitaka/kn/snp/snp.2.08.than.html
756,https://www.accesstoinsight.org/tipitaka/sn/sn07/sn07.017.than.html
757,https://www.accesstoinsight.org/tipitaka/an/an02/an02.025.than.html
758,https://www.accesstoinsight.org/tipitaka/an/an04/an04.179.than.html
759,https://www.accesstoinsight.org/tipitaka/an/an09/an09.034.than.html
760,https://www.accesstoinsight.org/tipitaka/kn/ud/ud.8.01.irel.html
761,https://www.accesstoinsight.org/tipitaka/kn/ud/ud.8.01.than.html
762,https://www.accesstoinsight.org/tipitaka/kn/ud/ud.8.02.irel.html
763,https://www.accesstoinsight.org/tipitaka/kn/ud/ud.8.02.than.html
764,https://www.accesstoinsight.org/tipitaka/kn/ud/ud.8.03.irel.html
765,https://www.accesstoinsight.org/tipitaka/kn/ud/ud.8.03.than.html
766,https://www.accesstoinsight.org/tipitaka/kn/ud/ud.8.04.irel.html
767,https://www.accesstoinsight.org/tipitaka/kn/ud/ud.8.04.than.html
768,https://www.accesstoinsight.org/tipitaka/an/an06/an06.063.than.html
769,https://www.accesstoinsight.org/tipitaka/an/an03/an03.033.than.html
770,https://www.accesstoinsight.org/tipitaka/sn/sn12/sn12.060x.wlsh.html
771,https://www.accesstoinsight.org/tipitaka/kn/khp/khp.1-9.than.html#khp-8
772,https://www.accesstoinsight.org/tipitaka/kn/thag/thag.01.00x.than.html#passage-21
773,https://www.accesstoinsight.org/tipitaka/an/an03/an03.100.11-15.than.html
774,https://www.accesstoinsight.org/tipitaka/sn/sn36/sn36.031.nypo.html
775,https://www.accesstoinsight.org/tipitaka/sn/sn36/sn36.031.than.html
776,https://www.accesstoinsight.org/tipitaka/an/an05/an05.200.than.html
777,https://www.accesstoinsight.org/tipitaka/an/an06/an06.013.than.html
778,https://www.accesstoinsight.org/tipitaka/kn/thag/thag.01.00x.than.html#passage-84
779,https://www.accesstoinsight.org/tipitaka/an/an09/an09.064.than.html
780,https://www.accesstoinsight.org/tipitaka/an/an04/an04.144.than.html
781,https://www.accesstoinsight.org/tipitaka/sn/sn45/sn45.171.than.html
782,https://www.accesstoinsight.org/tipitaka/sn/sn01/sn01.001.than.html
783,https://www.accesstoinsight.org/tipitaka/sn/sn20/sn20.004.than.html
784,https://www.accesstoinsight.org/tipitaka/an/an10/an10.118.niza.html
785,http://www.suttareadings.net/audio/index.html#snp.3.01
786,https://www.accesstoinsight.org/tipitaka/kn/snp/snp.3.01.than.html
787,https://www.accesstoinsight.org/tipitaka/an/an03/an03.048.than.html
788,http://www.suttareadings.net/audio/index.html#sn03.025
789,https://www.accesstoinsight.org/tipitaka/sn/sn03/sn03.025.olen.html
790,https://www.accesstoinsight.org/tipitaka/sn/sn03/sn03.025.than.html
791,https://www.accesstoinsight.org/tipitaka/an/an01/an01.049.than.html
792,https://www.accesstoinsight.org/tipitaka/an/an07/an07.058.than.html
793,https://www.accesstoinsight.org/tipitaka/sn/sn12/sn12.020.than.html
794,https://www.accesstoinsight.org/tipitaka/sn/sn42/sn42.006.than.html
795,https://www.accesstoinsight.org/tipitaka/an/an03/an03.015.than.html
796,https://www.accesstoinsight.org/tipitaka/sn/sn48/sn48.054.wlsh.html
797,http://www.suttareadings.net/audio/index.html#snp.3.02
798,https://www.accesstoinsight.org/tipitaka/kn/snp/snp.3.02.irel.html
799,https://www.accesstoinsight.org/tipitaka/kn/snp/snp.3.02.than.html
800,https://www.accesstoinsight.org/tipitaka/sn/sn36/sn36.003.nypo.html
801,https://www.accesstoinsight.org/tipitaka/sn/sn35/sn35.024.than.html
802,https://www.accesstoinsight.org/tipitaka/kn/thig/thig.06.06.olen.html
803,https://www.accesstoinsight.org/tipitaka/sn/sn35/sn35.097.than.html
804,https://www.accesstoinsight.org/tipitaka/sn/sn56/sn56.036.than.html
805,https://www.accesstoinsight.org/tipitaka/an/an03/an03.100.01-10.than.html
806,https://www.accesstoinsight.org/tipitaka/sn/sn56/sn56.102-113.than.html
807,https://www.accesstoinsight.org/tipitaka/kn/ud/ud.5.10.than.html
808,https://www.accesstoinsight.org/tipitaka/sn/sn36/sn36.019.nypo.html
809,https://www.accesstoinsight.org/tipitaka/sn/sn36/sn36.019.than.html
810,https://www.accesstoinsight.org/tipitaka/sn/sn02/sn02.007.than.html
811,https://www.accesstoinsight.org/tipitaka/sn/sn22/sn22.059.mend.html
812,https://www.accesstoinsight.org/tipitaka/sn/sn22/sn22.059.nymo.html
813,https://www.accesstoinsight.org/tipitaka/sn/sn22/sn22.059.than.html
814,https://www.accesstoinsight.org/tipitaka/an/an04/an04.042.than.html
815,https://www.accesstoinsight.org/tipitaka/an/an05/an05.165.than.html
816,https://www.accesstoinsight.org/tipitaka/an/an08/an08.002.than.html
817,https://www.accesstoinsight.org/tipitaka/an/an09/an09.044.than.html
818,https://www.accesstoinsight.org/tipitaka/kn/ud/ud.7.07.than.html
819,https://www.accesstoinsight.org/tipitaka/kn/snp/snp.1.06.nara.html
820,https://www.accesstoinsight.org/tipitaka/kn/snp/snp.1.06.piya.html
821,https://www.accesstoinsight.org/tipitaka/kn/snp/snp.4.05.irel.html
822,https://www.accesstoinsight.org/tipitaka/kn/snp/snp.4.05.than.html
823,https://www.accesstoinsight.org/tipitaka/an/an05/an05.129.than.html
824,https://www.accesstoinsight.org/tipitaka/sn/sn22/sn22.081.than.html
825,https://www.accesstoinsight.org/tipitaka/sn/sn06/sn06.015.than.html
826,https://www.accesstoinsight.org/tipitaka/sn/sn22/sn22.023.than.html
827,https://www.accesstoinsight.org/tipitaka/sn/sn47/sn47.038.than.html
828,https://www.accesstoinsight.org/tipitaka/sn/sn22/sn22.056.than.html
829,https://www.accesstoinsight.org/tipitaka/an/an04/an04.252.than.html
830,https://www.accesstoinsight.org/tipitaka/kn/snp/snp.4.08.than.html
831,https://www.accesstoinsight.org/tipitaka/kn/thig/thig.05.10.hekh.html
832,https://www.accesstoinsight.org/tipitaka/kn/thig/thig.05.10.than.html
833,https://www.accesstoinsight.org/tipitaka/kn/thig/thig.05.11.hekh.html
834,https://www.accesstoinsight.org/tipitaka/kn/thig/thig.05.11.than.html
835,https://www.accesstoinsight.org/tipitaka/kn/thig/thig.06.01.olen.html
836,https://www.accesstoinsight.org/tipitaka/kn/thig/thig.06.01.than.html
837,https://www.accesstoinsight.org/tipitaka/sn/sn36/sn36.004.nypo.html
838,https://www.accesstoinsight.org/tipitaka/sn/sn36/sn36.004.than.html
839,https://www.accesstoinsight.org/tipitaka/kn/ud/ud.8.06.than.html
840,https://www.accesstoinsight.org/tipitaka/sn/sn56/sn56.042.than.html
841,https://www.accesstoinsight.org/tipitaka/an/an08/an08.059.kuma.html
842,https://www.accesstoinsight.org/tipitaka/sn/sn41/sn41.005.niza.html
843,https://www.accesstoinsight.org/tipitaka/an/an10/an10.065.niza.html
844,https://www.accesstoinsight.org/tipitaka/sn/sn12/sn12.002.than.html
845,https://www.accesstoinsight.org/tipitaka/sn/sn47/sn47.046.wlsh.html
846,https://www.accesstoinsight.org/tipitaka/kn/ud/ud.6.02.than.html
847,https://www.accesstoinsight.org/tipitaka/sn/sn48/sn48.056.than.html
848,https://www.accesstoinsight.org/tipitaka/an/an04/an04.113.than.html
849,https://www.accesstoinsight.org/tipitaka/an/an04/an04.113.wood.html
850,https://www.accesstoinsight.org/tipitaka/an/an04/an04.200.than.html
851,https://www.accesstoinsight.org/tipitaka/sn/sn12/sn12.012.nypo.html
852,https://www.accesstoinsight.org/tipitaka/sn/sn12/sn12.012.than.html
853,https://www.accesstoinsight.org/tipitaka/sn/sn25/sn25.004.than.html
854,https://www.accesstoinsight.org/tipitaka/sn/sn27/sn27.001-010.than.html#sn27.001
855,https://www.accesstoinsight.org/tipitaka/sn/sn36/sn36.010.nypo.html
856,http://www.suttareadings.net/audio/index.html#sn22.095
857,https://www.accesstoinsight.org/tipitaka/sn/sn22/sn22.095.than.html
858,https://www.accesstoinsight.org/tipitaka/sn/sn17/sn17.005.than.html
859,https://www.accesstoinsight.org/tipitaka/sn/sn17/sn17.005.wlsh.html
860,https://www.accesstoinsight.org/tipitaka/kn/ud/ud.3.06.than.html
861,https://www.accesstoinsight.org/tipitaka/kn/ud/ud.3.08.than.html
862,https://www.accesstoinsight.org/tipitaka/kn/ud/ud.4.06.than.html
863,https://www.accesstoinsight.org/tipitaka/sn/sn22/sn22.080.than.html
864,https://www.accesstoinsight.org/tipitaka/sn/sn22/sn22.080.wlsh.html
865,https://www.accesstoinsight.org/tipitaka/kn/snp/snp.5.16.irel.html
866,https://www.accesstoinsight.org/tipitaka/kn/snp/snp.5.16.than.html
867,https://www.accesstoinsight.org/tipitaka/an/an05/an05.176.than.html
868,https://www.accesstoinsight.org/tipitaka/sn/sn03/sn03.004.than.html
869,https://www.accesstoinsight.org/tipitaka/mn/mn.087.than.html
870,https://www.accesstoinsight.org/tipitaka/sn/sn13/sn13.002.than.html
871,https://www.accesstoinsight.org/tipitaka/kn/snp/snp.5.14.than.html
872,https://www.accesstoinsight.org/tipitaka/mn/mn.054x.than.html
873,https://www.accesstoinsight.org/tipitaka/dn/dn.09.0.than.html
874,https://www.accesstoinsight.org/tipitaka/sn/sn48/sn48.044.than.html
875,https://www.accesstoinsight.org/tipitaka/kn/thig/thig.01.00x.than.html#sutta-3
876,https://www.accesstoinsight.org/tipitaka/sn/sn35/sn35.088.than.html
877,https://www.accesstoinsight.org/tipitaka/kn/snp/snp.5.03.irel.html
878,https://www.accesstoinsight.org/tipitaka/kn/snp/snp.5.03.than.html
879,https://www.accesstoinsight.org/tipitaka/kn/thag/thag.02.26.than.html
880,https://www.accesstoinsight.org/tipitaka/kn/thig/thig.12.01.than.html
881,https://www.accesstoinsight.org/tipitaka/kn/snp/snp.4.10.than.html
882,https://www.accesstoinsight.org/tipitaka/sn/sn12/sn12.063.nypo.html
883,https://www.accesstoinsight.org/tipitaka/sn/sn12/sn12.063.than.html
884,https://www.accesstoinsight.org/tipitaka/an/an04/an04.096.than.html
885,https://www.accesstoinsight.org/tipitaka/sn/sn36/sn36.011.nypo.html
886,https://www.accesstoinsight.org/tipitaka/sn/sn36/sn36.011.than.html
887,https://www.accesstoinsight.org/tipitaka/kn/thag/thag.04.08.than.html
888,https://www.accesstoinsight.org/tipitaka/kn/snp/snp.2.11.irel.html
889,https://www.accesstoinsight.org/tipitaka/sn/sn55/sn55.001.than.html
890,https://www.accesstoinsight.org/tipitaka/kn/ud/ud.2.02.than.html
891,https://www.accesstoinsight.org/tipitaka/kn/ud/ud.5.01.than.html
892,https://www.accesstoinsight.org/tipitaka/kn/thag/thag.05.01.than.html
893,https://www.accesstoinsight.org/tipitaka/sn/sn04/sn04.020.than.html
894,https://www.accesstoinsight.org/tipitaka/kn/thag/thag.01.00x.than.html#passage-49
895,https://www.accesstoinsight.org/tipitaka/kn/khp/khp.1-9.than.html#khp-6
896,https://www.accesstoinsight.org/tipitaka/kn/khp/khp.1-9.than.html#khp-6
897,https://www.accesstoinsight.org/tipitaka/kn/snp/snp.2.01.piya.html
898,https://www.accesstoinsight.org/tipitaka/kn/snp/snp.2.01.than.html
899,https://www.accesstoinsight.org/tipitaka/an/an03/an03.015.than.html
900,https://www.accesstoinsight.org/tipitaka/mn/mn.024.than.html
901,https://www.accesstoinsight.org/tipitaka/kn/thag/thag.16.04.than.html
902,https://www.accesstoinsight.org/tipitaka/mn/mn.082.than.html
903,https://www.accesstoinsight.org/tipitaka/kn/thag/thag.14.01.than.html
904,https://www.accesstoinsight.org/tipitaka/kn/ud/ud.5.07.than.html
905,https://www.accesstoinsight.org/tipitaka/kn/thig/thig.13.02.than.html
906,https://www.accesstoinsight.org/tipitaka/an/an04/an04.045.than.html
907,https://www.accesstoinsight.org/tipitaka/sn/sn02/sn02.026.than.html
908,https://www.accesstoinsight.org/tipitaka/sn/sn25/sn25.002.than.html
909,https://www.accesstoinsight.org/tipitaka/sn/sn27/sn27.001-010.than.html#sn27.002
910,https://www.accesstoinsight.org/tipitaka/sn/sn35/sn35.023.than.html
911,https://www.accesstoinsight.org/tipitaka/mn/mn.002.bpit.html
912,https://www.accesstoinsight.org/tipitaka/mn/mn.002.than.html
913,https://www.accesstoinsight.org/tipitaka/sn/sn44/sn44.011.than.html
914,https://www.accesstoinsight.org/tipitaka/mn/mn.141.piya.html
915,https://www.accesstoinsight.org/tipitaka/mn/mn.141.than.html
916,https://www.accesstoinsight.org/tipitaka/an/an10/an10.051.than.html
917,https://www.accesstoinsight.org/tipitaka/kn/ud/ud.5.09.than.html
918,https://www.accesstoinsight.org/tipitaka/an/an05/an05.038.than.html
919,https://www.accesstoinsight.org/tipitaka/sn/sn16/sn16.013.than.html
920,https://www.accesstoinsight.org/tipitaka/sn/sn16/sn16.013.wlsh.html
921,https://www.accesstoinsight.org/tipitaka/sn/sn01/sn01.038.than.html
922,https://www.accesstoinsight.org/tipitaka/sn/sn04/sn04.013.than.html
923,https://www.accesstoinsight.org/tipitaka/an/an03/an03.073.than.html
924,https://www.accesstoinsight.org/tipitaka/an/an10/an10.046.than.html
925,https://www.accesstoinsight.org/tipitaka/dn/dn.21.2x.than.html
926,https://www.accesstoinsight.org/tipitaka/kn/ud/ud.2.04.than.html
927,https://www.accesstoinsight.org/tipitaka/sn/sn47/sn47.006.than.html
928,https://www.accesstoinsight.org/tipitaka/mn/mn.137.than.html
929,https://www.accesstoinsight.org/tipitaka/mn/mn.041.nymo.html
930,https://www.accesstoinsight.org/tipitaka/mn/mn.041.than.html
931,https://www.accesstoinsight.org/tipitaka/an/an03/an03.066.nymo.html
932,https://www.accesstoinsight.org/tipitaka/kn/snp/snp.3.08.irel.html
933,https://www.accesstoinsight.org/tipitaka/kn/snp/snp.3.08.than.html
934,https://www.accesstoinsight.org/tipitaka/sn/sn36/sn36.006.nypo.html
935,https://www.accesstoinsight.org/tipitaka/sn/sn36/sn36.006.than.html
936,https://www.accesstoinsight.org/tipitaka/mn/mn.008.nypo.html
937,https://www.accesstoinsight.org/tipitaka/an/an05/an05.028.than.html
938,https://www.accesstoinsight.org/tipitaka/sn/sn22/sn22.005.than.html
939,https://www.accesstoinsight.org/tipitaka/sn/sn35/sn35.099.than.html
940,https://www.accesstoinsight.org/tipitaka/sn/sn36/sn36.001.nypo.html
941,https://www.accesstoinsight.org/tipitaka/an/an04/an04.041.than.html
942,https://www.accesstoinsight.org/tipitaka/an/an04/an04.094.than.html
943,https://www.accesstoinsight.org/tipitaka/an/an05/an05.027.than.html
944,https://www.accesstoinsight.org/tipitaka/an/an10/an10.006.than.html
945,https://www.accesstoinsight.org/tipitaka/an/an04/an04.055.than.html
946,https://www.accesstoinsight.org/tipitaka/mn/mn.078.than.html
947,https://www.accesstoinsight.org/tipitaka/kn/khp/khp.1-9x.piya.html#khp-4
948,https://www.accesstoinsight.org/tipitaka/kn/khp/khp.1-9.than.html#khp-4
949,https://www.accesstoinsight.org/tipitaka/sn/sn22/sn22.047.than.html
950,https://www.accesstoinsight.org/tipitaka/sn/sn22/sn22.047.wlsh.html
951,https://www.accesstoinsight.org/tipitaka/dn/dn.02.0.than.html
952,https://www.accesstoinsight.org/tipitaka/an/an10/an10.054.than.html
953,https://www.accesstoinsight.org/tipitaka/an/an09/an09.001.than.html
954,https://www.accesstoinsight.org/tipitaka/sn/sn01/sn01.020.than.html
955,https://www.accesstoinsight.org/tipitaka/sn/sn01/sn01.020.wlsh.html
956,https://www.accesstoinsight.org/tipitaka/an/an09/an09.014.than.html
957,https://www.accesstoinsight.org/tipitaka/mn/mn.009.ntbb.html
958,https://www.accesstoinsight.org/tipitaka/mn/mn.009.than.html
959,https://www.accesstoinsight.org/tipitaka/an/an05/an05.130.than.html
960,https://www.accesstoinsight.org/tipitaka/sn/sn47/sn47.042.than.html
961,https://www.accesstoinsight.org/tipitaka/sn/sn13/sn13.008.than.html
962,https://www.accesstoinsight.org/tipitaka/sn/index.html
963,https://www.accesstoinsight.org/tipitaka/an/an11/an11.010.than.html
964,https://www.accesstoinsight.org/tipitaka/an/an06/an06.047.than.html
965,https://www.accesstoinsight.org/tipitaka/an/an04/an04.032.than.html
966,https://www.accesstoinsight.org/tipitaka/sn/sn03/sn03.014.than.html
967,https://www.accesstoinsight.org/tipitaka/sn/sn03/sn03.015.than.html
968,https://www.accesstoinsight.org/tipitaka/kn/ud/ud.1.08.than.html
969,https://www.accesstoinsight.org/tipitaka/an/an03/an03.060.than.html
970,https://www.accesstoinsight.org/tipitaka/sn/sn07/sn07.021.wlsh.html
971,https://www.accesstoinsight.org/tipitaka/sn/sn46/sn46.055.wlsh.html
972,https://www.accesstoinsight.org/tipitaka/sn/sn42/sn42.008.than.html
973,https://www.accesstoinsight.org/tipitaka/an/an03/an03.047.than.html
974,https://www.accesstoinsight.org/tipitaka/an/an08/an08.063.than.html
975,https://www.accesstoinsight.org/tipitaka/kn/thag/thag.11.01.than.html
976,https://www.accesstoinsight.org/tipitaka/sn/sn36/sn36.015.nypo.html
977,https://www.accesstoinsight.org/tipitaka/sn/sn16/sn16.001.wlsh.html
978,https://www.accesstoinsight.org/tipitaka/an/an10/an10.013.than.html
979,https://www.accesstoinsight.org/tipitaka/sn/sn25/sn25.006.than.html
980,https://www.accesstoinsight.org/tipitaka/sn/sn27/sn27.001-010.than.html#sn27.006
981,https://www.accesstoinsight.org/tipitaka/an/an09/an09.016.than.html
982,https://www.accesstoinsight.org/tipitaka/an/an07/an07.046.than.html
983,https://www.accesstoinsight.org/tipitaka/an/an07/an07.048.than.html
984,https://www.accesstoinsight.org/tipitaka/kn/thag/thag.06.06.than.html
985,https://www.accesstoinsight.org/tipitaka/mn/mn.113.than.html
986,https://www.accesstoinsight.org/tipitaka/an/an04/an04.073.than.html
987,http://www.suttareadings.net/audio/index.html#various.001
988,https://www.accesstoinsight.org/tipitaka/an/an05/an05.148.than.html
989,https://www.accesstoinsight.org/tipitaka/sn/sn55/sn55.024.wlsh.html
990,https://www.accesstoinsight.org/tipitaka/kn/khp/khp.1-9x.piya.html#khp-1
991,https://www.accesstoinsight.org/tipitaka/kn/khp/khp.1-9.than.html#khp-1
992,https://www.accesstoinsight.org/tipitaka/an/an06/an06.012.than.html
993,https://www.accesstoinsight.org/tipitaka/sn/sn35/sn35.120.wlsh.html
994,https://www.accesstoinsight.org/tipitaka/an/an10/an10.007.than.html
995,https://www.accesstoinsight.org/tipitaka/kn/ud/ud.3.04.than.html
996,https://www.accesstoinsight.org/tipitaka/kn/ud/ud.4.07.than.html
997,https://www.accesstoinsight.org/tipitaka/kn/ud/ud.4.10.than.html
998,https://www.accesstoinsight.org/tipitaka/kn/snp/snp.4.16.than.html
999,https://www.accesstoinsight.org/tipitaka/kn/thag/thag.17.02.olen.html
1000,https://www.accesstoinsight.org/tipitaka/sn/sn44/sn44.003.than.html
1001,https://www.accesstoinsight.org/tipitaka/sn/sn44/sn44.004.than.html
1002,https://www.accesstoinsight.org/tipitaka/sn/sn44/sn44.005.than.html
1003,https://www.accesstoinsight.org/tipitaka/sn/sn44/sn44.006.than.html
1004,http://www.suttareadings.net/audio/index.html#mn.010
1005,
1006,https://www.accesstoinsight.org/tipitaka/mn/mn.010.nysa.html
1007,https://www.accesstoinsight.org/tipitaka/mn/mn.010.soma.html
1008,https://www.accesstoinsight.org/tipitaka/mn/mn.010.than.html
1009,https://www.accesstoinsight.org/index-sutta.html#dn22
1010,https://www.accesstoinsight.org/tipitaka/sn/sn47/sn47.035.than.html
1011,https://www.accesstoinsight.org/tipitaka/sn/sn47/sn47.040.than.html
1012,https://www.accesstoinsight.org/tipitaka/sn/sn56/sn56.035.than.html
1013,https://www.accesstoinsight.org/tipitaka/sn/sn23/sn23.002.than.html
1014,https://www.accesstoinsight.org/tipitaka/sn/sn22/sn22.057.than.html
1015,https://www.accesstoinsight.org/tipitaka/sn/sn14/sn14.011.than.html
1016,https://www.accesstoinsight.org/tipitaka/an/an07/an07.079.than.html
1017,https://www.accesstoinsight.org/tipitaka/sn/sn20/sn20.005.than.html
1018,http://www.suttareadings.net/audio/index.html#sn47.019
1019,https://www.accesstoinsight.org/tipitaka/sn/sn47/sn47.019.olen.html
1020,https://www.accesstoinsight.org/tipitaka/sn/sn47/sn47.019.than.html
1021,https://www.accesstoinsight.org/tipitaka/sn/sn47/sn47.020.than.html
1022,https://www.accesstoinsight.org/tipitaka/sn/sn48/sn48.053.than.html
1023,https://www.accesstoinsight.org/tipitaka/mn/mn.053.than.html
1024,https://www.accesstoinsight.org/tipitaka/an/an03/an03.085.than.html
1025,https://www.accesstoinsight.org/tipitaka/an/an03/an03.086.than.html
1026,https://www.accesstoinsight.org/tipitaka/sn/sn05/sn05.009.bodh.html
1027,https://www.accesstoinsight.org/tipitaka/sn/sn05/sn05.009.than.html
1028,https://www.accesstoinsight.org/tipitaka/kn/vv/vv.3.07.irel.html
1029,https://www.accesstoinsight.org/tipitaka/sn/sn17/sn17.008.than.html
1030,https://www.accesstoinsight.org/tipitaka/dn/dn.31.0.nara.html
1031,https://www.accesstoinsight.org/tipitaka/dn/dn.31.0.ksw0.html
1032,https://www.accesstoinsight.org/tipitaka/an/an05/an05.034.than.html
1033,https://www.accesstoinsight.org/tipitaka/an/an03/an03.088.than.html
1034,https://www.accesstoinsight.org/tipitaka/an/an03/an03.089.than.html
1035,https://www.accesstoinsight.org/tipitaka/an/an04/an04.099.than.html
1036,https://www.accesstoinsight.org/tipitaka/an/an04/an04.245.than.html
1037,https://www.accesstoinsight.org/tipitaka/an/an09/an09.063.than.html
1038,https://www.accesstoinsight.org/tipitaka/an/an03/an03.078.than.html
1039,https://www.accesstoinsight.org/tipitaka/sn/sn22/sn22.122.than.html
1040,http://www.suttareadings.net/audio/index.html#sn56.031
1041,https://www.accesstoinsight.org/tipitaka/sn/sn56/sn56.031.than.html
1042,https://www.accesstoinsight.org/tipitaka/sn/sn56/sn56.031.wlsh.html
1043,https://www.accesstoinsight.org/tipitaka/kn/thag/thag.01.00x.than.html#passage-18
1044,https://www.accesstoinsight.org/tipitaka/kn/vv/vv.1.16.irel.html
1045,https://www.accesstoinsight.org/tipitaka/kn/thag/thag.06.13.olen.html
1046,https://www.accesstoinsight.org/tipitaka/kn/thag/thag.06.13.than.html
1047,https://www.accesstoinsight.org/tipitaka/kn/thag/thag.01.00x.than.html#passage-41
1048,https://www.accesstoinsight.org/tipitaka/sn/sn05/sn05.008.bodh.html
1049,https://www.accesstoinsight.org/tipitaka/sn/sn05/sn05.008.than.html
1050,https://www.accesstoinsight.org/tipitaka/an/an06/an06.085.than.html
1051,https://www.accesstoinsight.org/tipitaka/sn/sn36/sn36.021.nypo.html
1052,https://www.accesstoinsight.org/tipitaka/sn/sn36/sn36.021.than.html
1053,https://www.accesstoinsight.org/tipitaka/sn/sn05/sn05.002.bodh.html
1054,https://www.accesstoinsight.org/tipitaka/sn/sn05/sn05.002.olen.html
1055,https://www.accesstoinsight.org/tipitaka/sn/sn05/sn05.002.than.html
1056,https://www.accesstoinsight.org/tipitaka/sn/sn22/sn22.049.wlsh.html
1057,https://www.accesstoinsight.org/tipitaka/an/an06/an06.055.than.html
1058,https://www.accesstoinsight.org/tipitaka/kn/ud/ud.5.06.than.html
1059,https://www.accesstoinsight.org/tipitaka/kn/thig/thig.05.08.hekh.html
1060,https://www.accesstoinsight.org/tipitaka/kn/thig/thig.05.08.than.html
1061,https://www.accesstoinsight.org/tipitaka/kn/thag/thag.02.37.than.html
1062,https://www.accesstoinsight.org/tipitaka/sn/sn22/sn22.109.wlsh.html
1063,https://www.accesstoinsight.org/tipitaka/an/an05/an05.140.than.html
1064,https://www.accesstoinsight.org/tipitaka/an/an07/an07.033.than.html
1065,https://www.accesstoinsight.org/tipitaka/an/an07/an07.034.than.html
1066,https://www.accesstoinsight.org/tipitaka/kn/thig/thig.13.05.than.html
1067,https://www.accesstoinsight.org/tipitaka/kn/thig/thig.14.01.than.html
1068,https://www.accesstoinsight.org/tipitaka/kn/snp/snp.3.03.than.html
1069,https://www.accesstoinsight.org/tipitaka/sn/sn11/sn11.005.than.html
1070,https://www.accesstoinsight.org/tipitaka/kn/thag/thag.01.00x.than.html#passage-1
1071,https://www.accesstoinsight.org/tipitaka/kn/ud/ud.6.07.than.html
1072,https://www.accesstoinsight.org/tipitaka/sn/sn47/sn47.008.than.html
1073,https://www.accesstoinsight.org/tipitaka/sn/sn10/sn10.008.than.html
1074,https://www.accesstoinsight.org/tipitaka/kn/snp/snp.4.04.irel.html
1075,https://www.accesstoinsight.org/tipitaka/kn/snp/snp.4.04.than.html
1076,https://www.accesstoinsight.org/tipitaka/kn/thig/thig.06.04.hekh.html
1077,https://www.accesstoinsight.org/tipitaka/sn/sn36/sn36.002.nypo.html
1078,https://www.accesstoinsight.org/tipitaka/an/an03/an03.038.than.html
1079,https://www.accesstoinsight.org/tipitaka/sn/sn15/sn15.012.than.html
1080,https://www.accesstoinsight.org/tipitaka/kn/thag/thag.06.10.than.html
1081,https://www.accesstoinsight.org/tipitaka/kn/thag/thag.01.00x.than.html#passage-43
1082,https://www.accesstoinsight.org/tipitaka/kn/thig/thig.02.03.than.html#sutta-3
1083,https://www.accesstoinsight.org/tipitaka/kn/thag/thag.01.00x.than.html#passage-85
1084,https://www.accesstoinsight.org/tipitaka/mn/mn.105.than.html
1085,https://www.accesstoinsight.org/tipitaka/kn/thag/thag.07.01.than.html
1086,https://www.accesstoinsight.org/tipitaka/kn/ud/ud.4.08.than.html
1087,https://www.accesstoinsight.org/tipitaka/kn/thag/thag.12.02.than.html
1088,https://www.accesstoinsight.org/tipitaka/sn/sn35/sn35.085.than.html
1089,https://www.accesstoinsight.org/tipitaka/an/an05/an05.196.than.html
1090,https://www.accesstoinsight.org/tipitaka/kn/ud/ud.2.08.than.html
1091,https://www.accesstoinsight.org/tipitaka/kn/thag/thag.01.00x.than.html#passage-32
1092,https://www.accesstoinsight.org/tipitaka/sn/sn02/sn02.010.piya.html
1093,https://www.accesstoinsight.org/tipitaka/kn/thag/thag.01.00x.than.html#passage-75
1094,https://www.accesstoinsight.org/tipitaka/sn/sn12/sn12.070.than.html
1095,https://www.accesstoinsight.org/tipitaka/an/an06/an06.088.than.html
1096,https://www.accesstoinsight.org/tipitaka/an/an04/an04.183.than.html
1097,https://www.accesstoinsight.org/tipitaka/an/an05/an05.096.than.html
1098,https://www.accesstoinsight.org/tipitaka/an/an09/an09.007.than.html
1099,https://www.accesstoinsight.org/tipitaka/kn/snp/index.html
1100,https://www.accesstoinsight.org/tipitaka/kn/thag/thag.19.00.khan.html
1101,https://www.accesstoinsight.org/tipitaka/kn/thag/thag.19.00x.olen.html
1102,https://www.accesstoinsight.org/tipitaka/sn/sn42/sn42.002.than.html
1103,https://www.accesstoinsight.org/tipitaka/an/an04/an04.085.than.html
1104,https://www.accesstoinsight.org/tipitaka/sn/sn25/sn25.008.than.html
1105,https://www.accesstoinsight.org/tipitaka/sn/sn27/sn27.001-010.than.html#sn27.008
1106,https://www.accesstoinsight.org/tipitaka/an/an04/an04.199.than.html
1107,https://www.accesstoinsight.org/tipitaka/kn/ud/ud.7.06.than.html
1108,https://www.accesstoinsight.org/tipitaka/an/an09/an09.041.than.html
1109,https://www.accesstoinsight.org/tipitaka/sn/sn56/sn56.020.than.html
1110,https://www.accesstoinsight.org/tipitaka/sn/sn02/sn02.008.wlsh.html
1111,https://www.accesstoinsight.org/tipitaka/kn/thag/thag.06.02.than.html
1112,https://www.accesstoinsight.org/tipitaka/an/an04/an04.115.than.html
1113,https://www.accesstoinsight.org/tipitaka/an/an04/an04.192.than.html
1114,https://www.accesstoinsight.org/tipitaka/kn/thig/index.html
1115,https://www.accesstoinsight.org/tipitaka/sn/sn21/sn21.010.than.html
1116,https://www.accesstoinsight.org/tipitaka/kn/thig/index.html
1117,https://www.accesstoinsight.org/noncanon/fieldguide.html#atthakatha
1118,https://www.accesstoinsight.org/tipitaka/an/an10/an10.108.than.html
1119,https://www.accesstoinsight.org/tipitaka/sn/sn15/sn15.013.than.html
1120,https://www.accesstoinsight.org/tipitaka/kn/khp/khp.1-9.than.html#khp-7
1121,https://www.accesstoinsight.org/tipitaka/kn/pv/pv.1.05.than.html
1122,https://www.accesstoinsight.org/tipitaka/kn/thag/thag.01.00x.than.html#passage-39
1123,https://www.accesstoinsight.org/tipitaka/sn/sn22/sn22.084.than.html
1124,https://www.accesstoinsight.org/tipitaka/sn/sn22/sn22.084x.wlsh.html
1125,https://www.accesstoinsight.org/tipitaka/kn/snp/snp.4.07.than.html
1126,https://www.accesstoinsight.org/tipitaka/kn/snp/snp.5.02.than.html
1127,https://www.accesstoinsight.org/tipitaka/an/an03/an03.061.than.html
1128,https://www.accesstoinsight.org/tipitaka/kn/ud/ud.6.04.irel.html
1129,https://www.accesstoinsight.org/tipitaka/kn/ud/ud.6.04.than.html
1130,https://www.accesstoinsight.org/tipitaka/kn/ud/ud.6.05.than.html
1131,https://www.accesstoinsight.org/tipitaka/kn/ud/ud.6.06.than.html
1132,https://www.accesstoinsight.org/tipitaka/an/an03/an03.068.than.html
1133,https://www.accesstoinsight.org/tipitaka/kn/snp/snp.5.09.than.html
1134,https://www.accesstoinsight.org/tipitaka/kn/snp/snp.4.14.than.html
1135,https://www.accesstoinsight.org/tipitaka/kn/thig/thig.03.04.than.html
1136,https://www.accesstoinsight.org/tipitaka/an/an09/an09.045.than.html
1137,https://www.accesstoinsight.org/tipitaka/an/an01/an01.045-046.than.html
1138,https://www.accesstoinsight.org/tipitaka/an/an07/an07.015.than.html
1139,https://www.accesstoinsight.org/tipitaka/kn/ud/index.html
1140,https://www.accesstoinsight.org/tipitaka/sn/sn22/sn22.055.than.html
1141,https://www.accesstoinsight.org/tipitaka/kn/ud/ud.7.09.irel.html
1142,https://www.accesstoinsight.org/tipitaka/kn/ud/ud.7.09.than.html
1143,https://www.accesstoinsight.org/tipitaka/sn/sn48/sn48.042.wlsh.html
1144,https://www.accesstoinsight.org/tipitaka/sn/sn22/sn22.007.wlsh.html
1145,https://www.accesstoinsight.org/tipitaka/sn/sn07/sn07.012.olen.html
1146,https://www.accesstoinsight.org/tipitaka/kn/snp/snp.5.13.than.html
1147,https://www.accesstoinsight.org/tipitaka/an/an05/an05.159.than.html
1148,https://www.accesstoinsight.org/tipitaka/sn/sn35/sn35.193.than.html
1149,https://www.accesstoinsight.org/tipitaka/kn/thag/thag.15.02.olen.html
1150,https://www.accesstoinsight.org/tipitaka/mn/mn.138.than.html
1151,https://www.accesstoinsight.org/tipitaka/kn/ud/ud.4.02.than.html
1152,https://www.accesstoinsight.org/tipitaka/kn/ud/ud.7.10.than.html
1153,https://www.accesstoinsight.org/tipitaka/sn/sn47/sn47.014.nypo.html
1154,https://www.accesstoinsight.org/tipitaka/an/an02/an02.046.than.html
1155,https://www.accesstoinsight.org/tipitaka/an/an07/an07.007.than.html
1156,https://www.accesstoinsight.org/tipitaka/sn/sn05/sn05.007.bodh.html
1157,https://www.accesstoinsight.org/tipitaka/sn/sn05/sn05.007.than.html
1158,https://www.accesstoinsight.org/tipitaka/sn/sn12/sn12.052.than.html
1159,https://www.accesstoinsight.org/tipitaka/sn/sn22/sn22.121.than.html
1160,http://www.suttareadings.net/audio/index.html#sn45.002
1161,https://www.accesstoinsight.org/tipitaka/sn/sn45/sn45.002.than.html
1162,https://www.accesstoinsight.org/tipitaka/sn/sn22/sn22.063.wlsh.html
1163,http://www.suttareadings.net/audio/index.html#an05.057
1164,https://www.accesstoinsight.org/tipitaka/an/an05/an05.057.than.html
1165,https://www.accesstoinsight.org/tipitaka/an/an04/an04.050.than.html
1166,https://www.accesstoinsight.org/tipitaka/sn/sn01/sn01.003.wlsh.html
1167,http://www.suttareadings.net/audio/index.html#sn12.023
1168,https://www.accesstoinsight.org/tipitaka/sn/sn12/sn12.023.bodh.html
1169,https://www.accesstoinsight.org/tipitaka/sn/sn12/sn12.023.than.html
1170,https://www.accesstoinsight.org/tipitaka/sn/sn12/sn12.023x.wlsh.html
1171,https://www.accesstoinsight.org/tipitaka/kn/ud/ud.2.05.than.html
1172,https://www.accesstoinsight.org/tipitaka/sn/sn35/sn35.069.than.html
1173,https://www.accesstoinsight.org/tipitaka/kn/ud/ud.4.09.than.html
1174,http://www.suttareadings.net/audio/index.html#snp.5.06
1175,https://www.accesstoinsight.org/tipitaka/kn/snp/snp.5.06.than.html
1176,https://www.accesstoinsight.org/tipitaka/sn/sn21/sn21.002.than.html
1177,https://www.accesstoinsight.org/tipitaka/vin/mv/mv.01.23.01-10.than.html
1178,https://www.accesstoinsight.org/tipitaka/sn/sn22/sn22.053.than.html
1179,https://www.accesstoinsight.org/tipitaka/an/an08/an08.041.vaka.html
1180,https://www.accesstoinsight.org/tipitaka/kn/ud/ud.5.05.irel.html
1181,https://www.accesstoinsight.org/tipitaka/kn/ud/ud.5.05.than.html
1182,https://www.accesstoinsight.org/tipitaka/kn/ud/ud.6.10.than.html
1183,https://www.accesstoinsight.org/tipitaka/sn/sn05/sn05.005.bodh.html
1184,https://www.accesstoinsight.org/tipitaka/sn/sn05/sn05.005.than.html
1185,https://www.accesstoinsight.org/tipitaka/kn/snp/snp.1.01.nypo.html
1186,https://www.accesstoinsight.org/tipitaka/kn/snp/snp.1.01.than.html
1187,https://www.accesstoinsight.org/tipitaka/kn/thig/thig.03.04.than.html
1188,https://www.accesstoinsight.org/tipitaka/sn/sn02/sn02.019.than.html
1189,https://www.accesstoinsight.org/tipitaka/an/an08/an08.008.than.html
1190,https://www.accesstoinsight.org/tipitaka/kn/snp/snp.2.10.irel.html
1191,https://www.accesstoinsight.org/tipitaka/kn/snp/snp.2.10.than.html
1192,https://www.accesstoinsight.org/tipitaka/an/an10/an10.095.than.html
1193,https://www.accesstoinsight.org/tipitaka/an/an05/an05.198.than.html
1194,https://www.accesstoinsight.org/tipitaka/an/an03/an03.057.than.html
1195,https://www.accesstoinsight.org/tipitaka/sn/sn44/sn44.008.than.html
1196,https://www.accesstoinsight.org/tipitaka/sn/sn37/sn37.034.than.html
1197,https://www.accesstoinsight.org/tipitaka/sn/sn05/sn05.010.bodh.html
1198,https://www.accesstoinsight.org/tipitaka/sn/sn05/sn05.010.than.html
1199,https://www.accesstoinsight.org/tipitaka/sn/sn09/sn09.009.than.html
1200,https://www.accesstoinsight.org/tipitaka/an/an03/an03.083.than.html
1201,https://www.accesstoinsight.org/tipitaka/an/an10/an10.094.than.html
1202,https://www.accesstoinsight.org/tipitaka/sn/sn22/sn22.087x.wlsh.html
1203,https://www.accesstoinsight.org/tipitaka/kn/thag/thag.05.08.than.html
1204,https://www.accesstoinsight.org/tipitaka/sn/sn56/sn56.045.than.html
1205,https://www.accesstoinsight.org/tipitaka/an/an04/an04.102.than.html
1206,https://www.accesstoinsight.org/tipitaka/kn/thag/thag.02.24.than.html
1207,https://www.accesstoinsight.org/tipitaka/kn/thag/thag.01.00x.than.html#passage-13
1208,https://www.accesstoinsight.org/tipitaka/kn/thag/thag.01.00x.than.html#passage-113
1209,https://www.accesstoinsight.org/tipitaka/kn/thag/thag.01.00x.than.html#passage-14
1210,https://www.accesstoinsight.org/tipitaka/kn/thag/thag.21.00x.hekh.html
1211,https://www.accesstoinsight.org/tipitaka/kn/thag/thag.21.00.irel.html
1212,https://www.accesstoinsight.org/tipitaka/an/an05/an05.177.than.html
1213,https://www.accesstoinsight.org/tipitaka/an/an04/an04.079.than.html
1214,https://www.accesstoinsight.org/tipitaka/kn/thag/thag.01.00x.than.html#passage-61
1215,https://www.accesstoinsight.org/tipitaka/kn/snp/snp.1.07.piya.html
1216,https://www.accesstoinsight.org/tipitaka/kn/thig/thig.06.02.than.html
1217,https://www.accesstoinsight.org/tipitaka/an/an04/an04.035.than.html
1218,https://www.accesstoinsight.org/tipitaka/mn/mn.007.nypo.html
1219,https://www.accesstoinsight.org/tipitaka/sn/sn25/sn25.005.than.html
1220,https://www.accesstoinsight.org/tipitaka/sn/sn27/sn27.001-010.than.html#sn27.005
1221,https://www.accesstoinsight.org/tipitaka/an/an09/an09.020.than.html
1222,https://www.accesstoinsight.org/tipitaka/sn/sn11/sn11.004.olen.html
1223,https://www.accesstoinsight.org/tipitaka/an/an10/an10.092.than.html
1224,https://www.accesstoinsight.org/tipitaka/sn/sn35/sn35.133.wlsh.html
1225,https://www.accesstoinsight.org/tipitaka/sn/sn54/sn54.009.than.html
1226,https://www.accesstoinsight.org/tipitaka/sn/sn48/sn48.038.than.html
1227,https://www.accesstoinsight.org/tipitaka/sn/sn56/sn56.009.wlsh.html
1228,https://www.accesstoinsight.org/tipitaka/an/an09/an09.032.than.html
1229,https://www.accesstoinsight.org/tipitaka/an/an09/an09.033.than.html
1230,https://www.accesstoinsight.org/tipitaka/sn/sn05/sn05.004.bodh.html
1231,https://www.accesstoinsight.org/tipitaka/sn/sn05/sn05.004.than.html
1232,https://www.accesstoinsight.org/tipitaka/kn/thag/thag.05.09.norm.html
1233,https://www.accesstoinsight.org/tipitaka/sn/sn56/sn56.022x.wlsh.html
1234,https://www.accesstoinsight.org/tipitaka/an/an02/an02.030.than.html
1235,https://www.accesstoinsight.org/tipitaka/kn/thag/thag.01.00x.than.html#passage-50
1236,https://www.accesstoinsight.org/tipitaka/kn/thig/thig.05.02.than.html
1237,https://www.accesstoinsight.org/tipitaka/sn/sn35/sn35.205.than.html
1238,https://www.accesstoinsight.org/tipitaka/sn/sn35/sn35.205x.wlsh.html
1239,https://www.accesstoinsight.org/tipitaka/vin/mv/mv.06.40.01.than.html
1240,https://www.accesstoinsight.org/tipitaka/sn/sn25/sn25.003.than.html
1241,https://www.accesstoinsight.org/tipitaka/sn/sn27/sn27.001-010.than.html#sn27.001
1242,https://www.accesstoinsight.org/tipitaka/an/an08/an08.040.than.html
1243,https://www.accesstoinsight.org/tipitaka/an/an04/an04.049.olen.html
1244,https://www.accesstoinsight.org/tipitaka/an/an04/an04.049.than.html
1245,https://www.accesstoinsight.org/tipitaka/an/an10/an10.108.than.html
1246,https://www.accesstoinsight.org/tipitaka/kn/ud/ud.2.09.than.html
1247,https://www.accesstoinsight.org/tipitaka/kn/ud/ud.8.08.than.html
1248,https://www.accesstoinsight.org/tipitaka/an/an08/an08.043.khan.html
1249,http://www.suttareadings.net/audio/index.html#mn.020
1250,https://www.accesstoinsight.org/tipitaka/mn/mn.020.soma.html
1251,https://www.accesstoinsight.org/tipitaka/mn/mn.020.than.html
1252,https://www.accesstoinsight.org/tipitaka/an/an04/an04.162.than.html
1253,https://www.accesstoinsight.org/tipitaka/an/an05/an05.002.than.html
1254,https://www.accesstoinsight.org/tipitaka/sn/sn09/sn09.001.than.html
1255,https://www.accesstoinsight.org/tipitaka/an/an05/an05.064.than.html
1256,https://www.accesstoinsight.org/tipitaka/sn/sn22/sn22.085.than.html
1257,https://www.accesstoinsight.org/tipitaka/an/an08/an08.086.than.html
1258,https://www.accesstoinsight.org/tipitaka/kn/thag/thag.05.10.than.html
1259,https://www.accesstoinsight.org/tipitaka/kn/thag/thag.03.08.than.html
1260,https://www.accesstoinsight.org/tipitaka/kn/ud/ud.3.03.than.html
1261,https://www.accesstoinsight.org/tipitaka/sn/sn35/sn35.207.than.html
1262,https://www.accesstoinsight.org/tipitaka/sn/sn42/sn42.003.than.html
1263,https://www.accesstoinsight.org/tipitaka/an/an04/an04.181.than.html
1264,https://www.accesstoinsight.org/tipitaka/an/an05/an05.075.than.html
1265,https://www.accesstoinsight.org/tipitaka/an/an05/an05.076.than.html
1266,https://www.accesstoinsight.org/tipitaka/an/an04/an04.010.niza.html
1267,https://www.accesstoinsight.org/tipitaka/an/an04/an04.010.than.html
1268,https://www.accesstoinsight.org/tipitaka/an/an04/an04.170.than.html
